{
  "precision_at_3": {
    "mean": 0.0536475869809203,
    "std": 0.0012294557968690607,
    "n_seeds": 5,
    "values": [
      0.05387205387205386,
      0.05387205387205386,
      0.05162738496071829,
      0.05499438832772166,
      0.05387205387205386
    ]
  },
  "precision_at_5": {
    "mean": 0.046868686868686865,
    "std": 0.0013126995750584445,
    "n_seeds": 5,
    "values": [
      0.048484848484848485,
      0.045117845117845126,
      0.046464646464646465,
      0.04781144781144782,
      0.046464646464646465
    ]
  },
  "precision_at_10": {
    "mean": 0.037508417508417505,
    "std": 0.0022410183558644785,
    "n_seeds": 5,
    "values": [
      0.03838383838383839,
      0.037037037037037035,
      0.03804713804713805,
      0.04006734006734007,
      0.034006734006734006
    ]
  },
  "recall_at_3": {
    "mean": 0.1032996632996633,
    "std": 0.004092175177691881,
    "n_seeds": 5,
    "values": [
      0.0988776655443322,
      0.10600448933782267,
      0.10729517396184063,
      0.10544332210998877,
      0.0988776655443322
    ]
  },
  "recall_at_5": {
    "mean": 0.1506172839506173,
    "std": 0.00621389773419097,
    "n_seeds": 5,
    "values": [
      0.15274971941638607,
      0.14455667789001123,
      0.15751964085297418,
      0.1546576879910213,
      0.1436026936026936
    ]
  },
  "recall_at_10": {
    "mean": 0.23993265993265994,
    "std": 0.018164212562191133,
    "n_seeds": 5,
    "values": [
      0.2473625140291807,
      0.24102132435465767,
      0.2521324354657688,
      0.2507856341189675,
      0.208361391694725
    ]
  },
  "ndcg_at_3": {
    "mean": 0.09380350281089367,
    "std": 0.004159768746070518,
    "n_seeds": 5,
    "values": [
      0.09688445211578568,
      0.08768736524911913,
      0.09288124182076354,
      0.09317128419640916,
      0.09839317067239083
    ]
  },
  "ndcg_at_5": {
    "mean": 0.1136448964650449,
    "std": 0.003307760029727358,
    "n_seeds": 5,
    "values": [
      0.11232171949345499,
      0.10963864502578467,
      0.11534461672831095,
      0.11258852970331672,
      0.11833097137435716
    ]
  },
  "ndcg_at_10": {
    "mean": 0.14735268273198376,
    "std": 0.004252477724019659,
    "n_seeds": 5,
    "values": [
      0.14599129344948117,
      0.14196585404609094,
      0.1513275289214675,
      0.15204222839452847,
      0.14543650884835063
    ]
  },
  "auc_roc": {
    "mean": 0.632804430786435,
    "std": 0.009752296245018017,
    "n_seeds": 5,
    "values": [
      0.636710883228992,
      0.6297978281720755,
      0.6427711414604014,
      0.6373148095199419,
      0.6174274915507643
    ]
  },
  "f1_at_0_5": {
    "mean": 0.0,
    "std": 0.0,
    "n_seeds": 5,
    "values": [
      0.0,
      0.0,
      0.0,
      0.0,
      0.0
    ]
  },
  "seeds": [
    42,
    123,
    456,
    789,
    1024
  ],
  "model": "rf",
  "split": "test",
  "feature_importance_mean": {
    "word_count": 0.009216494293706657,
    "words_per_second": 0.008915244374378043,
    "hook_word_count": 0.004871987440439543,
    "hook_word_ratio": 0.010795192832589387,
    "question_count": 0.00364294121161191,
    "question_density": 0.006062667592020754,
    "second_person_ratio": 0.009786274601452063,
    "first_person_ratio": 0.012937402677498544,
    "first_5s_hook_word_ratio": 0.005372968952740101,
    "articulation_rate": 0.011328260352307277,
    "energy_mean": 0.013628970849288302,
    "energy_var": 0.014431317361311346,
    "energy_first_3s_ratio": 0.013800196832607076,
    "pitch_range": 0.012285561471922987,
    "pitch_std": 0.012119056228335794,
    "speaking_rate_audio": 0.009137557710279031,
    "silence_ratio": 0.011620478512029627,
    "jitter_local": 0.013678167184742674,
    "shimmer_local": 0.012396076982867512,
    "music_presence": 0.012692172703582435,
    "music_fraction": 0.0019509942910591418,
    "speech_music_ratio": 0.013409856236459872,
    "laughter_peak": 0.013901484938428568,
    "arousal_mean": 0.01145765807871162,
    "valence_mean": 0.01768104345212582,
    "dominance_mean": 0.012026407562535398,
    "arousal_std": 0.015666825669874904,
    "arousal_peak": 0.011656445069259466,
    "arousal_arc_direction": 0.014668294783717636,
    "valence_arc_direction": 0.01299003339700473,
    "dover_aesthetic_score": 0.013715679155453367,
    "dover_technical_score": 0.013332750123398258,
    "clip_pca_00": 0.014552745492310623,
    "clip_pca_01": 0.017644567265421414,
    "clip_pca_02": 0.015277394731540684,
    "clip_pca_03": 0.015267294843184087,
    "clip_pca_04": 0.01266493603798223,
    "clip_pca_05": 0.015743580368941835,
    "clip_pca_06": 0.016159163012483733,
    "clip_pca_07": 0.013132514746536584,
    "clip_pca_08": 0.01343171314666707,
    "clip_pca_09": 0.013969145501108338,
    "clip_pca_10": 0.012940096742294871,
    "clip_pca_11": 0.013203056483582967,
    "clip_pca_12": 0.013407370575449194,
    "clip_pca_13": 0.012955496660275012,
    "clip_pca_14": 0.013399051093870771,
    "clip_pca_15": 0.013275486871782555,
    "clip_pca_16": 0.01343168328162427,
    "clip_pca_17": 0.013741476923173282,
    "clip_pca_18": 0.013418107636571502,
    "clip_pca_19": 0.015888282788079792,
    "clip_pca_20": 0.012381610245902182,
    "clip_pca_21": 0.013689110907926651,
    "clip_pca_22": 0.01334398720908322,
    "clip_pca_23": 0.01315216198637617,
    "clip_pca_24": 0.012724089985734013,
    "clip_pca_25": 0.014129155907061522,
    "clip_pca_26": 0.013562831905329087,
    "clip_pca_27": 0.013390289003435205,
    "clip_pca_28": 0.013419408917983624,
    "clip_pca_29": 0.013206779803304569,
    "clip_pca_30": 0.012981778256043514,
    "clip_pca_31": 0.012522278664206554,
    "colorfulness": 0.012032144838948324,
    "brightness_mean": 0.012902466978369992,
    "cut_count": 0.005610939528746602,
    "cuts_per_second": 0.005685510001253786,
    "face_present_ratio": 0.0007573546632728,
    "largest_face_area_ratio_max": 0.012577665470624309,
    "face_count_median": 0.0033265653999278687,
    "position_ratio": 0.02579968995423836,
    "is_intro": 0.0021994513873427107,
    "is_outro": 0.0005736779199397513,
    "segment_duration": 0.00024142330129893157,
    "video_duration": 0.08989432918917846,
    "is_first_segment": 0.007121910475537628,
    "is_last_segment": 6.738318749039557e-05,
    "segment_novelty_to_neighbors": 0.01320668906198479,
    "creator_category_tech": 0.0006321602804762767,
    "creator_category_education": 0.0006866628439056021,
    "creator_category_entertainment": 0.0018007706070709921,
    "creator_category_fitness": 0.000856287128338587,
    "creator_category_commentary": 0.000843807863046921
  },
  "per_seed": [
    {
      "split": "test",
      "model": "rf",
      "seed": 42,
      "n_segments": 57962,
      "n_videos": 557,
      "n_positives": 504,
      "n_rank_eligible_videos": 297,
      "precision_at_k": {
        "3": 0.05387205387205386,
        "5": 0.048484848484848485,
        "10": 0.03838383838383839
      },
      "recall_at_k": {
        "3": 0.0988776655443322,
        "5": 0.15274971941638607,
        "10": 0.2473625140291807
      },
      "ndcg_at_k": {
        "3": 0.09688445211578568,
        "5": 0.11232171949345499,
        "10": 0.14599129344948117
      },
      "auc_roc": 0.636710883228992,
      "f1_at_0_5": 0.0,
      "notes": ""
    },
    {
      "split": "test",
      "model": "rf",
      "seed": 123,
      "n_segments": 57962,
      "n_videos": 557,
      "n_positives": 504,
      "n_rank_eligible_videos": 297,
      "precision_at_k": {
        "3": 0.05387205387205386,
        "5": 0.045117845117845126,
        "10": 0.037037037037037035
      },
      "recall_at_k": {
        "3": 0.10600448933782267,
        "5": 0.14455667789001123,
        "10": 0.24102132435465767
      },
      "ndcg_at_k": {
        "3": 0.08768736524911913,
        "5": 0.10963864502578467,
        "10": 0.14196585404609094
      },
      "auc_roc": 0.6297978281720755,
      "f1_at_0_5": 0.0,