{
  "precision_at_3": {
    "mean": 0.06285072951739618,
    "std": 0.0,
    "n_seeds": 5,
    "values": [
      0.06285072951739618,
      0.06285072951739618,
      0.06285072951739618,
      0.06285072951739618,
      0.06285072951739618
    ]
  },
  "precision_at_5": {
    "mean": 0.04444444444444444,
    "std": 0.0,
    "n_seeds": 5,
    "values": [
      0.04444444444444444,
      0.04444444444444444,
      0.04444444444444444,
      0.04444444444444444,
      0.04444444444444444
    ]
  },
  "precision_at_10": {
    "mean": 0.03905723905723906,
    "std": 0.0,
    "n_seeds": 5,
    "values": [
      0.03905723905723906,
      0.03905723905723906,
      0.03905723905723906,
      0.03905723905723906,
      0.03905723905723906
    ]
  },
  "recall_at_3": {
    "mean": 0.12300785634118967,
    "std": 0.0,
    "n_seeds": 5,
    "values": [
      0.12300785634118967,
      0.12300785634118967,
      0.12300785634118967,
      0.12300785634118967,
      0.12300785634118967
    ]
  },
  "recall_at_5": {
    "mean": 0.14012345679012345,
    "std": 0.0,
    "n_seeds": 5,
    "values": [
      0.14012345679012345,
      0.14012345679012345,
      0.14012345679012345,
      0.14012345679012345,
      0.14012345679012345
    ]
  },
  "recall_at_10": {
    "mean": 0.24281705948372617,
    "std": 0.0,
    "n_seeds": 5,
    "values": [
      0.24281705948372617,
      0.24281705948372617,
      0.24281705948372617,
      0.24281705948372617,
      0.24281705948372617
    ]
  },
  "ndcg_at_3": {
    "mean": 0.1110473976238027,
    "std": 1.5515838457795457e-17,
    "n_seeds": 5,
    "values": [
      0.11104739762380268,
      0.11104739762380268,
      0.11104739762380268,
      0.11104739762380268,
      0.11104739762380268
    ]
  },
  "ndcg_at_5": {
    "mean": 0.12146170785422021,
    "std": 0.0,
    "n_seeds": 5,
    "values": [
      0.12146170785422021,
      0.12146170785422021,
      0.12146170785422021,
      0.12146170785422021,
      0.12146170785422021
    ]
  },
  "ndcg_at_10": {
    "mean": 0.15755750010936556,
    "std": 0.0,
    "n_seeds": 5,
    "values": [
      0.15755750010936556,
      0.15755750010936556,
      0.15755750010936556,
      0.15755750010936556,
      0.15755750010936556
    ]
  },
  "auc_roc": {
    "mean": 0.7156904843399761,
    "std": 0.0,
    "n_seeds": 5,
    "values": [
      0.7156904843399761,
      0.7156904843399761,
      0.7156904843399761,
      0.7156904843399761,
      0.7156904843399761
    ]
  },
  "f1_at_0_5": {
    "mean": 0.03803507828774948,
    "std": 0.0,
    "n_seeds": 5,
    "values": [
      0.03803507828774948,
      0.03803507828774948,
      0.03803507828774948,
      0.03803507828774948,
      0.03803507828774948
    ]
  },
  "seeds": [
    42,
    123,
    456,
    789,
    1024
  ],
  "model": "xgboost",
  "split": "test",
  "feature_importance_mean": {
    "word_count": 0.007117127999663353,
    "words_per_second": 0.015334086492657661,
    "hook_word_count": 0.0015659818891435862,
    "hook_word_ratio": 0.013066170737147331,
    "question_count": 0.009074424393475056,
    "question_density": 0.014657802879810333,
    "second_person_ratio": 0.01431308500468731,
    "first_person_ratio": 0.014033850282430649,
    "first_5s_hook_word_ratio": 0.009872514754533768,
    "articulation_rate": 0.009820817038416862,
    "energy_mean": 0.011097895912826061,
    "energy_var": 0.011300085112452507,
    "energy_first_3s_ratio": 0.012177987955510616,
    "pitch_range": 0.012601852416992188,
    "pitch_std": 0.009155992418527603,
    "speaking_rate_audio": 0.007487494498491287,
    "silence_ratio": 0.010209402069449425,
    "jitter_local": 0.013034884817898273,
    "shimmer_local": 0.011232348158955574,
    "music_presence": 0.013367725536227226,
    "music_fraction": 0.00608960073441267,
    "speech_music_ratio": 0.01043527852743864,
    "laughter_peak": 0.015231907367706299,
    "arousal_mean": 0.01249377429485321,
    "valence_mean": 0.014446726068854332,
    "dominance_mean": 0.01514267548918724,
    "arousal_std": 0.012355208396911621,
    "arousal_peak": 0.015005660243332386,
    "arousal_arc_direction": 0.01548325177282095,
    "valence_arc_direction": 0.012169796042144299,
    "dover_aesthetic_score": 0.008605455048382282,
    "dover_technical_score": 0.013131710700690746,
    "clip_pca_00": 0.009349490515887737,
    "clip_pca_01": 0.00781869888305664,
    "clip_pca_02": 0.014851528219878674,
    "clip_pca_03": 0.012555546127259731,
    "clip_pca_04": 0.01026233471930027,
    "clip_pca_05": 0.010010319761931896,
    "clip_pca_06": 0.009223474189639091,
    "clip_pca_07": 0.008393381722271442,
    "clip_pca_08": 0.011188080534338951,
    "clip_pca_09": 0.008232668973505497,
    "clip_pca_10": 0.01528249029070139,
    "clip_pca_11": 0.013000115752220154,
    "clip_pca_12": 0.013335973024368286,
    "clip_pca_13": 0.01088832039386034,
    "clip_pca_14": 0.012116882018744946,
    "clip_pca_15": 0.01385054737329483,
    "clip_pca_16": 0.00936710275709629,
    "clip_pca_17": 0.010666192509233952,
    "clip_pca_18": 0.012703261338174343,
    "clip_pca_19": 0.01258008275181055,
    "clip_pca_20": 0.008763760328292847,
    "clip_pca_21": 0.01648126356303692,
    "clip_pca_22": 0.012489411048591137,
    "clip_pca_23": 0.010786766186356544,
    "clip_pca_24": 0.010560448281466961,
    "clip_pca_25": 0.011061779223382473,
    "clip_pca_26": 0.01192452572286129,
    "clip_pca_27": 0.013866747729480267,
    "clip_pca_28": 0.013027461245656013,
    "clip_pca_29": 0.011049595661461353,
    "clip_pca_30": 0.009824561886489391,
    "clip_pca_31": 0.010644177906215191,
    "colorfulness": 0.01326746679842472,
    "brightness_mean": 0.00931168906390667,
    "cut_count": 0.013056643307209015,
    "cuts_per_second": 0.013396583497524261,
    "face_present_ratio": 0.013459987938404083,
    "largest_face_area_ratio_max": 0.009760495275259018,
    "face_count_median": 0.01552417129278183,
    "position_ratio": 0.017821775749325752,
    "is_intro": 0.0,
    "is_outro": 0.0,
    "segment_duration": 0.008661990985274315,
    "video_duration": 0.0566442646086216,
    "is_first_segment": 0.03363076597452164,
    "is_last_segment": 0.0,
    "segment_novelty_to_neighbors": 0.012458783574402332,
    "creator_category_tech": 0.0,
    "creator_category_education": 0.004626164678484201,
    "creator_category_entertainment": 0.0201561339199543,
    "creator_category_fitness": 0.0,
    "creator_category_commentary": 0.020953631028532982
  },
  "per_seed": [
    {
      "split": "test",
      "model": "xgboost",
      "seed": 42,
      "n_segments": 57962,
      "n_videos": 557,
      "n_positives": 504,
      "n_rank_eligible_videos": 297,
      "precision_at_k": {
        "3": 0.06285072951739618,
        "5": 0.04444444444444444,
        "10": 0.03905723905723906
      },
      "recall_at_k": {
        "3": 0.12300785634118967,
        "5": 0.14012345679012345,
        "10": 0.24281705948372617
      },
      "ndcg_at_k": {
        "3": 0.11104739762380268,
        "5": 0.12146170785422021,
        "10": 0.15755750010936556
      },
      "auc_roc": 0.7156904843399761,
      "f1_at_0_5": 0.03803507828774948,
      "notes": ""
    },
    {
      "split": "test",
      "model": "xgboost",
      "seed": 123,
      "n_segments": 57962,
      "n_videos": 557,
      "n_positives": 504,
      "n_rank_eligible_videos": 297,
      "precision_at_k": {
        "3": 0.06285072951739618,
        "5": 0.04444444444444444,
        "10": 0.03905723905723906
      },
      "recall_at_k": {
        "3": 0.12300785634118967,
        "5": 0.14012345679012345,
        "10": 0.24281705948372617
      },
      "ndcg_at_k": {
        "3": 0.11104739762380268,
        "5": 0.12146170785422021,
        "10": 0.15755750010936556
      },
      "auc_roc": 0.7156904843399761,
      "f1_at_0_5": 0.03803507828774948,
      "notes": ""
    },
    {
      "split": "test",
      "model": "xgboost",
      "seed": 456,
      "n_segments": 57962,