{
  "model": "bert",
  "split": "test",
  "seeds": [
    42,
    123,
    456,
    789,
    1024
  ],
  "per_seed": [
    {
      "split": "test",
      "model": "bert",
      "seed": 42,
      "n_segments": 57962,
      "n_videos": 557,
      "n_positives": 504,
      "n_rank_eligible_videos": 297,
      "precision_at_k": {
        "3": 0.04713804713804714,
        "5": 0.0457912457912458,
        "10": 0.04208754208754209
      },
      "recall_at_k": {
        "3": 0.08226711560044893,
        "5": 0.1410213243546577,
        "10": 0.2601010101010101
      },
      "ndcg_at_k": {
        "3": 0.07038978611999787,
        "5": 0.0958148429103162,
        "10": 0.13861772620342117
      },
      "auc_roc": 0.6314263641572284,
      "f1_at_0_5": 0.0,
      "notes": "best_val_auc=0.6507"
    },
    {
      "split": "test",
      "model": "bert",
      "seed": 123,
      "n_segments": 57962,
      "n_videos": 557,
      "n_positives": 504,
      "n_rank_eligible_videos": 297,
      "precision_at_k": {
        "3": 0.03815937149270482,
        "5": 0.0430976430976431,
        "10": 0.04478114478114478
      },
      "recall_at_k": {
        "3": 0.0712682379349046,
        "5": 0.1271604938271605,
        "10": 0.2818181818181818
      },
      "ndcg_at_k": {
        "3": 0.06396140529935368,
        "5": 0.09060679410122341,
        "10": 0.1457170205332692
      },
      "auc_roc": 0.6306772835313248,
      "f1_at_0_5": 0.0,
      "notes": "best_val_auc=0.6408"
    },
    {
      "split": "test",
      "model": "bert",
      "seed": 456,
      "n_segments": 57962,
      "n_videos": 557,
      "n_positives": 504,
      "n_rank_eligible_videos": 297,
      "precision_at_k": {
        "3": 0.04826038159371492,
        "5": 0.047138047138047146,
        "10": 0.04141414141414142
      },
      "recall_at_k": {
        "3": 0.10140291806958472,
        "5": 0.15235690235690236,
        "10": 0.2551066217732884
      },
      "ndcg_at_k": {
        "3": 0.07610760848950805,
        "5": 0.09908170994495326,
        "10": 0.13666550760421825
      },
      "auc_roc": 0.6413558910110739,
      "f1_at_0_5": 0.0,
      "notes": "best_val_auc=0.6559"
    },
    {
      "split": "test",
      "model": "bert",
      "seed": 789,
      "n_segments": 57962,
      "n_videos": 557,
      "n_positives": 504,
      "n_rank_eligible_videos": 297,
      "precision_at_k": {
        "3": 0.05387205387205387,
        "5": 0.04781144781144781,
        "10": 0.04410774410774411
      },
      "recall_at_k": {
        "3": 0.09870931537598203,
        "5": 0.14652076318742985,
        "10": 0.28226711560044887
      },
      "ndcg_at_k": {
        "3": 0.08200541380851462,
        "5": 0.10246483370000901,
        "10": 0.1500658409014824
      },
      "auc_roc": 0.629605140842697,
      "f1_at_0_5": 0.0,
      "notes": "best_val_auc=0.6431"
    },
    {
      "split": "test",
      "model": "bert",
      "seed": 1024,
      "n_segments": 57962,
      "n_videos": 557,
      "n_positives": 504,
      "n_rank_eligible_videos": 297,
      "precision_at_k": {
        "3": 0.05274971941638608,
        "5": 0.05185185185185186,
        "10": 0.048484848484848485
      },
      "recall_at_k": {
        "3": 0.1047138047138047,
        "5": 0.16683501683501684,
        "10": 0.3105499438832772
      },
      "ndcg_at_k": {
        "3": 0.08895651990691382,
        "5": 0.11655259352618266,
        "10": 0.16728262741291144
      },
      "auc_roc": 0.6439614173665568,
      "f1_at_0_5": 0.0,
      "notes": "best_val_auc=0.6365"
    }
  ],
  "hyperparams": {
    "model_name": "bert-base-uncased",
    "max_length": 256,
    "batch_size_train": 32,
    "lr": 2e-05,
    "epochs": 3,
    "warmup_steps": 500
  },
  "precision_at_3": {
    "mean": 0.048035914702581374,
    "std": 0.006218583693465801,
    "n_seeds": 5,
    "values": [
      0.04713804713804714,
      0.03815937149270482,
      0.04826038159371492,
      0.05387205387205387,
      0.05274971941638608
    ]
  },
  "precision_at_5": {
    "mean": 0.047138047138047146,
    "std": 0.003194219858755939,
    "n_seeds": 5,
    "values": [
      0.0457912457912458,
      0.0430976430976431,
      0.047138047138047146,
      0.04781144781144781,
      0.05185185185185186
    ]
  },
  "precision_at_10": {
    "mean": 0.04417508417508417,
    "std": 0.002780582198257585,
    "n_seeds": 5,
    "values": [
      0.04208754208754209,
      0.04478114478114478,
      0.04141414141414142,
      0.04410774410774411,
      0.048484848484848485
    ]
  },
  "recall_at_3": {
    "mean": 0.091672278338945,
    "std": 0.014309687286604176,
    "n_seeds": 5,
    "values": [
      0.08226711560044893,
      0.0712682379349046,
      0.10140291806958472,
      0.09870931537598203,
      0.1047138047138047
    ]
  },
  "recall_at_5": {
    "mean": 0.14677890011223343,
    "std": 0.014589894666187656,
    "n_seeds": 5,
    "values": [
      0.1410213243546577,
      0.1271604938271605,
      0.15235690235690236,
      0.14652076318742985,
      0.16683501683501684
    ]
  },
  "recall_at_10": {
    "mean": 0.2779685746352413,
    "std": 0.0220043251601614,
    "n_seeds": 5,
    "values": [
      0.2601010101010101,
      0.2818181818181818,
      0.2551066217732884,
      0.28226711560044887,
      0.3105499438832772
    ]
  },
  "ndcg_at_3": {
    "mean": 0.0762841467248576,
    "std": 0.009746108813730841,
    "n_seeds": 5,
    "values": [
      0.07038978611999787,
      0.06396140529935368,
      0.07610760848950805,
      0.08200541380851462,
      0.08895651990691382
    ]
  },
  "ndcg_at_5": {
    "mean": 0.10090415483653692,
    "std": 0.009779665016207082,
    "n_seeds": 5,
    "values": [
      0.0958148429103162,
      0.09060679410122341,
      0.09908170994495326,
      0.10246483370000901,
      0.11655259352618266
    ]
  },
  "ndcg_at_10": {
    "mean": 0.14766974453106047,
    "std": 0.012219368333828654,
    "n_seeds": 5,
    "values": [
      0.13861772620342117,
      0.1457170205332692,
      0.13666550760421825,
      0.1500658409014824,
      0.16728262741291144
    ]
  },
  "auc_roc": {
    "mean": 0.6354052193817762,
    "std": 0.006716483346176657,
    "n_seeds": 5,
    "values": [
      0.6314263641572284,
      0.6306772835313248,
      0.6413558910110739,
      0.629605140842697,
      0.6439614173665568
    ]
  },
  "f1_at_0_5": {
    "mean": 0.0,
    "std": 0.0,
    "n_seeds": 5,
    "values": [
      0.0,
      0.0,
      0.0,
      0.0,
      0.0
    ]
  }
}