{
  "split": "test",
  "model": "bert",
  "seed": 123,
  "n_segments": 57962,
  "n_videos": 557,
  "n_positives": 504,
  "n_rank_eligible_videos": 297,
  "precision_at_k": {
    "3": 0.03815937149270482,
    "5": 0.0430976430976431,
    "10": 0.04478114478114478
  },
  "recall_at_k": {
    "3": 0.0712682379349046,
    "5": 0.1271604938271605,
    "10": 0.2818181818181818
  },
  "ndcg_at_k": {
    "3": 0.06396140529935368,
    "5": 0.09060679410122341,
    "10": 0.1457170205332692
  },
  "auc_roc": 0.6306772835313248,
  "f1_at_0_5": 0.0,
  "notes": "best_val_auc=0.6408"
}