{
  "split": "test",
  "model": "bert",
  "seed": 42,
  "n_segments": 57962,
  "n_videos": 557,
  "n_positives": 504,
  "n_rank_eligible_videos": 297,
  "precision_at_k": {
    "3": 0.04713804713804714,
    "5": 0.0457912457912458,
    "10": 0.04208754208754209
  },
  "recall_at_k": {
    "3": 0.08226711560044893,
    "5": 0.1410213243546577,
    "10": 0.2601010101010101
  },
  "ndcg_at_k": {
    "3": 0.07038978611999787,
    "5": 0.0958148429103162,
    "10": 0.13861772620342117
  },
  "auc_roc": 0.6314263641572284,
  "f1_at_0_5": 0.0,
  "notes": "best_val_auc=0.6507"
}