{
  "split": "test",
  "model": "bert",
  "seed": 789,
  "n_segments": 57962,
  "n_videos": 557,
  "n_positives": 504,
  "n_rank_eligible_videos": 297,
  "precision_at_k": {
    "3": 0.05387205387205387,
    "5": 0.04781144781144781,
    "10": 0.04410774410774411
  },
  "recall_at_k": {
    "3": 0.09870931537598203,
    "5": 0.14652076318742985,
    "10": 0.28226711560044887
  },
  "ndcg_at_k": {
    "3": 0.08200541380851462,
    "5": 0.10246483370000901,
    "10": 0.1500658409014824
  },
  "auc_roc": 0.629605140842697,
  "f1_at_0_5": 0.0,
  "notes": "best_val_auc=0.6431"
}