{
  "split": "test",
  "model": "bert",
  "seed": 456,
  "n_segments": 57962,
  "n_videos": 557,
  "n_positives": 504,
  "n_rank_eligible_videos": 297,
  "precision_at_k": {
    "3": 0.04826038159371492,
    "5": 0.047138047138047146,
    "10": 0.04141414141414142
  },
  "recall_at_k": {
    "3": 0.10140291806958472,
    "5": 0.15235690235690236,
    "10": 0.2551066217732884
  },
  "ndcg_at_k": {
    "3": 0.07610760848950805,
    "5": 0.09908170994495326,
    "10": 0.13666550760421825
  },
  "auc_roc": 0.6413558910110739,
  "f1_at_0_5": 0.0,
  "notes": "best_val_auc=0.6559"
}