{
  "split": "test",
  "model": "bert",
  "seed": 1024,
  "n_segments": 57962,
  "n_videos": 557,
  "n_positives": 504,
  "n_rank_eligible_videos": 297,
  "precision_at_k": {
    "3": 0.05274971941638608,
    "5": 0.05185185185185186,
    "10": 0.048484848484848485
  },
  "recall_at_k": {
    "3": 0.1047138047138047,
    "5": 0.16683501683501684,
    "10": 0.3105499438832772
  },
  "ndcg_at_k": {
    "3": 0.08895651990691382,
    "5": 0.11655259352618266,
    "10": 0.16728262741291144
  },
  "auc_roc": 0.6439614173665568,
  "f1_at_0_5": 0.0,
  "notes": "best_val_auc=0.6365"
}