{
  "per_model": [
    {
      "model": "random",
      "n_seeds": 100,
      "ndcg_at_3_mean": 0.04830584359520624,
      "ndcg_at_3_std": 0.009295106390095426,
      "ndcg_at_5_mean": 0.06474756814411008,
      "ndcg_at_5_std": 0.010134727352466814,
      "ndcg_at_10_mean": 0.09676939532852993,
      "ndcg_at_10_std": 0.01025018161924642,
      "precision_at_10_mean": 0.029666666666666664,
      "precision_at_10_std": 0.0025637398561660454,
      "recall_at_10_mean": 0.18671043771043774,
      "recall_at_10_std": 0.017147532531542994,
      "auc_roc_mean": 0.5001778410814359,
      "auc_roc_std": 0.013029941657110154,
      "f1_at_0_5_mean": 0.017137787374093726,
      "f1_at_0_5_std": 0.0008073561859971079
    },
    {
      "model": "rule_based",
      "n_seeds": 1,
      "ndcg_at_3_mean": 0.05527359650860684,
      "ndcg_at_3_std": 0.0,
      "ndcg_at_5_mean": 0.07120307481849626,
      "ndcg_at_5_std": 0.0,
      "ndcg_at_10_mean": 0.10491049790816538,
      "ndcg_at_10_std": 0.0,
      "precision_at_10_mean": 0.03198653198653199,
      "precision_at_10_std": 0.0,
      "recall_at_10_mean": 0.19882154882154882,
      "recall_at_10_std": 0.0,
      "auc_roc_mean": 0.5195392894299051,
      "auc_roc_std": 0.0,
      "f1_at_0_5_mean": 0.01815806662312214,
      "f1_at_0_5_std": 0.0
    },
    {
      "model": "rf",
      "n_seeds": 5,
      "ndcg_at_3_mean": 0.09380350281089367,
      "ndcg_at_3_std": 0.004159768746070518,
      "ndcg_at_5_mean": 0.1136448964650449,
      "ndcg_at_5_std": 0.003307760029727358,
      "ndcg_at_10_mean": 0.14735268273198376,
      "ndcg_at_10_std": 0.004252477724019659,
      "precision_at_10_mean": 0.037508417508417505,
      "precision_at_10_std": 0.0022410183558644785,
      "recall_at_10_mean": 0.23993265993265994,
      "recall_at_10_std": 0.018164212562191133,
      "auc_roc_mean": 0.632804430786435,
      "auc_roc_std": 0.009752296245018017,
      "f1_at_0_5_mean": 0.0,
      "f1_at_0_5_std": 0.0
    },
    {
      "model": "xgboost",
      "n_seeds": 5,
      "ndcg_at_3_mean": 0.1110473976238027,
      "ndcg_at_3_std": 1.5515838457795457e-17,
      "ndcg_at_5_mean": 0.12146170785422021,
      "ndcg_at_5_std": 0.0,
      "ndcg_at_10_mean": 0.15755750010936556,
      "ndcg_at_10_std": 0.0,
      "precision_at_10_mean": 0.03905723905723906,
      "precision_at_10_std": 0.0,
      "recall_at_10_mean": 0.24281705948372617,
      "recall_at_10_std": 0.0,
      "auc_roc_mean": 0.7156904843399761,
      "auc_roc_std": 0.0,
      "f1_at_0_5_mean": 0.03803507828774948,
      "f1_at_0_5_std": 0.0
    },
    {
      "model": "bert",
      "n_seeds": 5,
      "ndcg_at_3_mean": 0.0762841467248576,
      "ndcg_at_3_std": 0.009746108813730841,
      "ndcg_at_5_mean": 0.10090415483653692,
      "ndcg_at_5_std": 0.009779665016207082,
      "ndcg_at_10_mean": 0.14766974453106047,
      "ndcg_at_10_std": 0.012219368333828654,
      "precision_at_10_mean": 0.04417508417508417,
      "precision_at_10_std": 0.002780582198257585,
      "recall_at_10_mean": 0.2779685746352413,
      "recall_at_10_std": 0.0220043251601614,
      "auc_roc_mean": 0.6354052193817762,
      "auc_roc_std": 0.006716483346176657,
      "f1_at_0_5_mean": 0.0,
      "f1_at_0_5_std": 0.0
    },
    {
      "model": "multimodal",
      "n_seeds": 0,
      "status": "missing"
    },
    {
      "model": "multimodal_original",
      "n_seeds": 5,
      "ndcg_at_3_mean": 0.0818181706596592,
      "ndcg_at_3_std": 0.00765006747401377,
      "ndcg_at_5_mean": 0.10349816074141449,
      "ndcg_at_5_std": 0.008200077885890673,
      "ndcg_at_10_mean": 0.14319244590636943,
      "ndcg_at_10_std": 0.003579076416050038,
      "precision_at_10_mean": 0.04215488215488216,
      "precision_at_10_std": 0.0013551927136362352,
      "recall_at_10_mean": 0.2537485970819304,
      "recall_at_10_std": 0.011584155389072525,
      "auc_roc_mean": 0.6815430643059084,
      "auc_roc_std": 0.005180366879588845,
      "f1_at_0_5_mean": 0.05258100250314951,
      "f1_at_0_5_std": 0.0020243813978089407
    },
    {
      "model": "multimodal_with_metadata",
      "n_seeds": 5,
      "ndcg_at_3_mean": 0.13205612349072018,
      "ndcg_at_3_std": 0.006836233719227497,
      "ndcg_at_5_mean": 0.15447034114994343,
      "ndcg_at_5_std": 0.00868758879741292,
      "ndcg_at_10_mean": 0.20324561087435505,
      "ndcg_at_10_std": 0.006242816506166613,
      "precision_at_10_mean": 0.05225589225589226,
      "precision_at_10_std": 0.002094590035689664,
      "recall_at_10_mean": 0.33560044893378227,
      "recall_at_10_std": 0.013664082066766925,
      "auc_roc_mean": 0.7384879024126387,
      "auc_roc_std": 0.003082605397576923,
      "f1_at_0_5_mean": 0.06999272918881874,
      "f1_at_0_5_std": 0.004463139386771377
    }
  ],
  "pairwise_ttests_auc_roc": [
    {
      "label_a": "rf",
      "label_b": "xgboost",
      "n_pairs": 5,
      "mean_a": 0.632804430786435,
      "mean_b": 0.7156904843399761,
      "mean_diff_b_minus_a": 0.08288605355354106,
      "t_stat": -19.004637008139138,
      "p_value": 4.515843374829064e-05,
      "cohens_d": 8.499132047581467,
      "effect_size_bucket": "large",
      "significant_at_alpha": true,
      "alpha": 0.05,
      "direction": "xgboost"
    },
    {
      "label_a": "rf",
      "label_b": "bert",
      "n_pairs": 5,
      "mean_a": 0.632804430786435,
      "mean_b": 0.6354052193817762,
      "mean_diff_b_minus_a": 0.0026007885953411858,
      "t_stat": -0.4218008979299469,
      "p_value": 0.6948524107689863,
      "cohens_d": 0.1886350961483623,
      "effect_size_bucket": "negligible",
      "significant_at_alpha": false,
      "alpha": 0.05,
      "direction": "bert"
    },
    {
      "label_a": "rf",
      "label_b": "multimodal_original",
      "n_pairs": 5,
      "mean_a": 0.632804430786435,
      "mean_b": 0.6815430643059084,
      "mean_diff_b_minus_a": 0.048738633519473384,
      "t_stat": -12.066232089852237,
      "p_value": 0.0002705425801235139,
      "cohens_d": 5.39618303703979,
      "effect_size_bucket": "large",
      "significant_at_alpha": true,
      "alpha": 0.05,
      "direction": "multimodal_original"
    },
    {
      "label_a": "rf",
      "label_b": "multimodal_with_metadata",
      "n_pairs": 5,
      "mean_a": 0.632804430786435,
      "mean_b": 0.7384879024126387,
      "mean_diff_b_minus_a": 0.10568347162620373,
      "t_stat": -24.16757071837209,
      "p_value": 1.738915023704324e-05,
      "cohens_d": 10.808066195462683,
      "effect_size_bucket": "large",
      "significant_at_alpha": true,
      "alpha": 0.05,
      "direction": "multimodal_with_metadata"
    },
    {
      "label_a": "xgboost",
      "label_b": "bert",
      "n_pairs": 5,
      "mean_a": 0.7156904843399761,
      "mean_b": 0.6354052193817762,
      "mean_diff_b_minus_a": -0.08028526495819988,
      "t_stat": 26.7287657521417,
      "p_value": 1.1646457586987639e-05,
      "cohens_d": -11.953467435291428,
      "effect_size_bucket": "large",
      "significant_at_alpha": true,
      "alpha": 0.05,
      "direction": "xgboost"
    },
    {
      "label_a": "xgboost",
      "label_b": "multimodal_original",
      "n_pairs": 5,
      "mean_a": 0.7156904843399761,
      "mean_b": 0.6815430643059084,
      "mean_diff_b_minus_a": -0.03414742003406768,
      "t_stat": 14.739487419947672,
      "p_value": 0.00012331361517267306,
      "cohens_d": -6.591699164901197,
      "effect_size_bucket": "large",
      "significant_at_alpha": true,
      "alpha": 0.05,
      "direction": "xgboost"
    },
    {
      "label_a": "xgboost",
      "label_b": "multimodal_with_metadata",
      "n_pairs": 5,
      "mean_a": 0.7156904843399761,
      "mean_b": 0.7384879024126387,
      "mean_diff_b_minus_a": 0.022797418072662667,
      "t_stat": -16.536847876158934,
      "p_value": 7.831166708844228e-05,
      "cohens_d": 7.39550319693288,
      "effect_size_bucket": "large",
      "significant_at_alpha": true,
      "alpha": 0.05,