{
  "split": "test",
  "model": "multimodal_with_metadata_ablate_text",
  "seed": 1024,
  "n_segments": 57962,
  "n_videos": 557,
  "n_positives": 504,
  "n_rank_eligible_videos": 297,
  "precision_at_k": {
    "3": 0.07744107744107744,
    "5": 0.05723905723905724,
    "10": 0.04343434343434344
  },
  "recall_at_k": {
    "3": 0.14960718294051628,
    "5": 0.18327721661054994,
    "10": 0.2682379349046015
  },
  "ndcg_at_k": {
    "3": 0.13741852638346685,
    "5": 0.15101101942374762,
    "10": 0.18251938202362983
  },
  "auc_roc": 0.7215337794010477,
  "f1_at_0_5": 0.0733652312599681,
  "notes": "best_val_auc=0.7364"
}