{
  "split": "test",
  "model": "multimodal_original",
  "seed": 42,
  "n_segments": 57962,
  "n_videos": 557,
  "n_positives": 504,
  "n_rank_eligible_videos": 297,
  "precision_at_k": {
    "3": 0.04713804713804713,
    "5": 0.0430976430976431,
    "10": 0.042760942760942756
  },
  "recall_at_k": {
    "3": 0.08125701459034793,
    "5": 0.13120089786756453,
    "10": 0.25735129068462403
  },
  "ndcg_at_k": {
    "3": 0.07158685983589465,
    "5": 0.0924669609787202,
    "10": 0.13848078759358629
  },
  "auc_roc": 0.6852205399720541,
  "f1_at_0_5": 0.04989429175475687,
  "notes": "best_val_auc=0.6945"
}