{
  "split": "test",
  "model": "multimodal_with_metadata_ablate_text",
  "seed": 42,
  "n_segments": 57962,
  "n_videos": 557,
  "n_positives": 504,
  "n_rank_eligible_videos": 297,
  "precision_at_k": {
    "3": 0.07407407407407407,
    "5": 0.05858585858585858,
    "10": 0.04848484848484848
  },
  "recall_at_k": {
    "3": 0.14242424242424243,
    "5": 0.1942760942760943,
    "10": 0.30173961840628505
  },
  "ndcg_at_k": {
    "3": 0.134051652658732,
    "5": 0.15460714906653844,
    "10": 0.19533061438740326
  },
  "auc_roc": 0.7208722713678506,
  "f1_at_0_5": 0.07097017742544356,
  "notes": "best_val_auc=0.7382"
}