{
  "split": "test",
  "model": "multimodal_with_metadata",
  "seed": 123,
  "n_segments": 57962,
  "n_videos": 557,
  "n_positives": 504,
  "n_rank_eligible_videos": 297,
  "precision_at_k": {
    "3": 0.07182940516273847,
    "5": 0.06060606060606061,
    "10": 0.05084175084175085
  },
  "recall_at_k": {
    "3": 0.1469135802469136,
    "5": 0.19994388327721657,
    "10": 0.31919191919191914
  },
  "ndcg_at_k": {
    "3": 0.13194729811296899,
    "5": 0.1552748298720632,
    "10": 0.19856885812252634
  },
  "auc_roc": 0.7375365657012687,
  "f1_at_0_5": 0.06787163408336407,
  "notes": "best_val_auc=0.7488"
}