{
  "split": "test",
  "model": "multimodal_original",
  "seed": 456,
  "n_segments": 57962,
  "n_videos": 557,
  "n_positives": 504,
  "n_rank_eligible_videos": 297,
  "precision_at_k": {
    "3": 0.04713804713804714,
    "5": 0.04511784511784512,
    "10": 0.04410774410774411
  },
  "recall_at_k": {
    "3": 0.08973063973063973,
    "5": 0.14326599326599326,
    "10": 0.2702581369248036
  },
  "ndcg_at_k": {
    "3": 0.07584453608911948,
    "5": 0.09985836350163547,
    "10": 0.14621798434613634
  },
  "auc_roc": 0.67723340844686,
  "f1_at_0_5": 0.054694621695533276,
  "notes": "best_val_auc=0.6981"
}