{
  "precision_at_3": {
    "mean": 0.077665544332211,
    "std": 0.003920145723136476,
    "n_seeds": 5,
    "values": [
      0.07407407407407407,
      0.07519640852974185,
      0.07519640852974185,
      0.0819304152637486,
      0.0819304152637486
    ]
  },
  "precision_at_5": {
    "mean": 0.06127946127946128,
    "std": 0.0008247440211391197,
    "n_seeds": 5,
    "values": [
      0.05993265993265992,
      0.06127946127946129,
      0.06195286195286195,
      0.06127946127946129,
      0.06195286195286195
    ]
  },
  "precision_at_10": {
    "mean": 0.05353535353535353,
    "std": 0.001765671461565913,
    "n_seeds": 5,
    "values": [
      0.055218855218855216,
      0.05420875420875421,
      0.05117845117845118,
      0.054882154882154886,
      0.05218855218855219
    ]
  },
  "recall_at_3": {
    "mean": 0.15702581369248036,
    "std": 0.008991065385435842,
    "n_seeds": 5,
    "values": [
      0.14551066217732886,
      0.1546576879910213,
      0.15280583613916948,
      0.16475869809203142,
      0.16739618406285073
    ]
  },
  "recall_at_5": {
    "mean": 0.20485970819304153,
    "std": 0.004495051078380949,
    "n_seeds": 5,
    "values": [
      0.19769921436588103,
      0.20679012345679013,
      0.20409652076318743,
      0.20594837261503926,
      0.20976430976430976
    ]
  },
  "recall_at_10": {
    "mean": 0.34751964085297415,
    "std": 0.01568085400683769,
    "n_seeds": 5,
    "values": [
      0.3538720538720539,
      0.35802469135802467,
      0.3235129068462402,
      0.36184062850729515,
      0.340347923681257
    ]
  },
  "ndcg_at_3": {
    "mean": 0.14013172610707786,
    "std": 0.007592169243747799,
    "n_seeds": 5,
    "values": [
      0.13239865688768845,
      0.1376427240784407,
      0.13426292121762015,
      0.14759939848543935,
      0.14875492986620048
    ]
  },
  "ndcg_at_5": {
    "mean": 0.1604497572809024,
    "std": 0.005114244890652235,
    "n_seeds": 5,
    "values": [
      0.15445738576781506,
      0.1597356722614493,
      0.15675594899729536,
      0.16516173209078616,
      0.16613804728716605
    ]
  },
  "ndcg_at_10": {
    "mean": 0.21145399702568243,
    "std": 0.0071034527993457715,
    "n_seeds": 5,
    "values": [
      0.2103749864718382,
      0.21349364707780125,
      0.2005359113450922,
      0.2201564123983098,
      0.21270902783537068
    ]
  },
  "auc_roc": {
    "mean": 0.7394430686983507,
    "std": 0.0029371680783181675,
    "n_seeds": 5,
    "values": [
      0.736482206879062,
      0.7417865126604553,
      0.7381669260693939,
      0.7432905443147707,
      0.7374891535680721
    ]
  },
  "f1_at_0_5": {
    "mean": 0.06916622360434761,
    "std": 0.0017134931036026286,
    "n_seeds": 5,
    "values": [
      0.06776283009466866,
      0.07213930348258707,
      0.06886758963436279,
      0.06866952789699571,
      0.06839186691312385
    ]
  },
  "seeds": [
    42,
    123,
    456,
    789,
    1024
  ],
  "model": "multimodal_with_metadata_ablate_visual",
  "split": "test",
  "per_seed": [
    {
      "split": "test",
      "model": "multimodal_with_metadata_ablate_visual",
      "seed": 42,
      "n_segments": 57962,
      "n_videos": 557,
      "n_positives": 504,
      "n_rank_eligible_videos": 297,
      "precision_at_k": {
        "3": 0.07407407407407407,
        "5": 0.05993265993265992,
        "10": 0.055218855218855216
      },
      "recall_at_k": {
        "3": 0.14551066217732886,
        "5": 0.19769921436588103,
        "10": 0.3538720538720539
      },
      "ndcg_at_k": {
        "3": 0.13239865688768845,
        "5": 0.15445738576781506,
        "10": 0.2103749864718382
      },
      "auc_roc": 0.736482206879062,
      "f1_at_0_5": 0.06776283009466866,
      "notes": "best_val_auc=0.7475"
    },
    {
      "split": "test",
      "model": "multimodal_with_metadata_ablate_visual",
      "seed": 123,
      "n_segments": 57962,
      "n_videos": 557,
      "n_positives": 504,
      "n_rank_eligible_videos": 297,
      "precision_at_k": {
        "3": 0.07519640852974185,
        "5": 0.06127946127946129,
        "10": 0.05420875420875421
      },
      "recall_at_k": {
        "3": 0.1546576879910213,
        "5": 0.20679012345679013,
        "10": 0.35802469135802467
      },
      "ndcg_at_k": {
        "3": 0.1376427240784407,
        "5": 0.1597356722614493,
        "10": 0.21349364707780125
      },
      "auc_roc": 0.7417865126604553,
      "f1_at_0_5": 0.07213930348258707,
      "notes": "best_val_auc=0.7532"
    },
    {
      "split": "test",
      "model": "multimodal_with_metadata_ablate_visual",
      "seed": 456,
      "n_segments": 57962,
      "n_videos": 557,
      "n_positives": 504,
      "n_rank_eligible_videos": 297,
      "precision_at_k": {
        "3": 0.07519640852974185,
        "5": 0.06195286195286195,
        "10": 0.05117845117845118
      },
      "recall_at_k": {
        "3": 0.15280583613916948,
        "5": 0.20409652076318743,
        "10": 0.3235129068462402
      },
      "ndcg_at_k": {
        "3": 0.13426292121762015,
        "5": 0.15675594899729536,
        "10": 0.2005359113450922
      },
      "auc_roc": 0.7381669260693939,
      "f1_at_0_5": 0.06886758963436279,
      "notes": "best_val_auc=0.7486"
    },
    {
      "split": "test",
      "model": "multimodal_with_metadata_ablate_visual",
      "seed": 789,
      "n_segments": 57962,
      "n_videos": 557,
      "n_positives": 504,
      "n_rank_eligible_videos": 297,
      "precision_at_k": {
        "3": 0.0819304152637486,
        "5": 0.06127946127946129,
        "10": 0.054882154882154886
      },
      "recall_at_k": {
        "3": 0.16475869809203142,
        "5": 0.20594837261503926,
        "10": 0.36184062850729515
      },
      "ndcg_at_k": {
        "3": 0.14759939848543935,
        "5": 0.16516173209078616,
        "10": 0.2201564123983098
      },
      "auc_roc": 0.7432905443147707,
      "f1_at_0_5": 0.06866952789699571,
      "notes": "best_val_auc=0.7581"
    },
    {
      "split": "test",
      "model": "multimodal_with_metadata_ablate_visual",
      "seed": 1024,
      "n_segments": 57962,
      "n_videos": 557,
      "n_positives": 504,
      "n_rank_eligible_videos": 297,
      "precision_at_k": {
        "3": 0.0819304152637486,
        "5": 0.06195286195286195,
        "10": 0.05218855218855219
      },
      "recall_at_k": {
        "3": 0.16739618406285073,
        "5": 0.20976430976430976,
        "10": 0.340347923681257
      },
      "ndcg_at_k": {
        "3": 0.14875492986620048,
        "5": 0.16613804728716605,
        "10": 0.21270902783537068
      },
      "auc_roc": 0.7374891535680721,
      "f1_at_0_5": 0.06839186691312385,
      "notes": "best_val_auc=0.7536"
    }
  ],
  "hyperparams": {
    "variant": "with_metadata",
    "ablate_branch": "visual",
    "branches_used": {
      "use_text": true,
      "use_audio": true,
      "use_visual": false,
      "use_metadata": true
    },
    "max_length": 256,
    "batch_size_train": 32,
    "lr": 0.0001,
    "epochs": 5
  }
}