{
  "precision_at_3": {
    "mean": 0.052076318742985406,
    "std": 0.004930613386417239,
    "n_seeds": 5,
    "values": [
      0.04713804713804713,
      0.058361391694725026,
      0.04713804713804714,
      0.05274971941638607,
      0.05499438832772166
    ]
  },
  "precision_at_5": {
    "mean": 0.04781144781144782,
    "std": 0.004415783518048487,
    "n_seeds": 5,
    "values": [
      0.0430976430976431,
      0.05252525252525253,
      0.04511784511784512,
      0.04579124579124579,
      0.05252525252525253
    ]
  },
  "precision_at_10": {
    "mean": 0.04215488215488216,
    "std": 0.0013551927136362352,
    "n_seeds": 5,
    "values": [
      0.042760942760942756,
      0.04107744107744109,
      0.04410774410774411,
      0.04074074074074074,
      0.04208754208754209
    ]
  },
  "recall_at_3": {
    "mean": 0.09581369248035916,
    "std": 0.010320489328721512,
    "n_seeds": 5,
    "values": [
      0.08125701459034793,
      0.10409652076318743,
      0.08973063973063973,
      0.09797979797979799,
      0.10600448933782268
    ]
  },
  "recall_at_5": {
    "mean": 0.14465768799102136,
    "std": 0.012644605705649176,
    "n_seeds": 5,
    "values": [
      0.13120089786756453,
      0.15072951739618407,
      0.14326599326599326,
      0.13524130190796857,
      0.16285072951739615
    ]
  },
  "recall_at_10": {
    "mean": 0.2537485970819304,
    "std": 0.011584155389072525,
    "n_seeds": 5,
    "values": [
      0.25735129068462403,
      0.24169472502805836,
      0.2702581369248036,
      0.243658810325477,
      0.2557800224466891
    ]
  },
  "ndcg_at_3": {
    "mean": 0.0818181706596592,
    "std": 0.00765006747401377,
    "n_seeds": 5,
    "values": [
      0.07158685983589465,
      0.08843919710004526,
      0.07584453608911948,
      0.0852018766276404,
      0.08801838364559621
    ]
  },
  "ndcg_at_5": {
    "mean": 0.10349816074141449,
    "std": 0.008200077885890673,
    "n_seeds": 5,
    "values": [
      0.0924669609787202,
      0.10885843458127654,
      0.09985836350163547,
      0.10258790022614275,
      0.11371914441929752
    ]
  },
  "ndcg_at_10": {
    "mean": 0.14319244590636943,
    "std": 0.003579076416050038,
    "n_seeds": 5,
    "values": [
      0.13848078759358629,
      0.14186082550196583,
      0.14621798434613634,
      0.14209757316526464,
      0.14730505892489407
    ]
  },
  "auc_roc": {
    "mean": 0.6815430643059084,
    "std": 0.005180366879588845,
    "n_seeds": 5,
    "values": [
      0.6852205399720541,
      0.6797787459107467,
      0.67723340844686,
      0.6886261849234803,
      0.6768564422764012
    ]
  },
  "f1_at_0_5": {
    "mean": 0.05258100250314951,
    "std": 0.0020243813978089407,
    "n_seeds": 5,
    "values": [
      0.04989429175475687,
      0.052820053715308866,
      0.054694621695533276,
      0.05123247945867569,
      0.05426356589147287
    ]
  },
  "seeds": [
    42,
    123,
    456,
    789,
    1024
  ],
  "model": "multimodal_original",
  "split": "test",
  "per_seed": [
    {
      "split": "test",
      "model": "multimodal_original",
      "seed": 42,
      "n_segments": 57962,
      "n_videos": 557,
      "n_positives": 504,
      "n_rank_eligible_videos": 297,
      "precision_at_k": {
        "3": 0.04713804713804713,
        "5": 0.0430976430976431,
        "10": 0.042760942760942756
      },
      "recall_at_k": {
        "3": 0.08125701459034793,
        "5": 0.13120089786756453,
        "10": 0.25735129068462403
      },
      "ndcg_at_k": {
        "3": 0.07158685983589465,
        "5": 0.0924669609787202,
        "10": 0.13848078759358629
      },
      "auc_roc": 0.6852205399720541,
      "f1_at_0_5": 0.04989429175475687,
      "notes": "best_val_auc=0.6945"
    },
    {
      "split": "test",
      "model": "multimodal_original",
      "seed": 123,
      "n_segments": 57962,
      "n_videos": 557,
      "n_positives": 504,
      "n_rank_eligible_videos": 297,
      "precision_at_k": {
        "3": 0.058361391694725026,
        "5": 0.05252525252525253,
        "10": 0.04107744107744109
      },
      "recall_at_k": {
        "3": 0.10409652076318743,
        "5": 0.15072951739618407,
        "10": 0.24169472502805836
      },
      "ndcg_at_k": {
        "3": 0.08843919710004526,
        "5": 0.10885843458127654,
        "10": 0.14186082550196583
      },
      "auc_roc": 0.6797787459107467,
      "f1_at_0_5": 0.052820053715308866,
      "notes": "best_val_auc=0.6930"
    },
    {
      "split": "test",
      "model": "multimodal_original",
      "seed": 456,
      "n_segments": 57962,
      "n_videos": 557,
      "n_positives": 504,
      "n_rank_eligible_videos": 297,
      "precision_at_k": {
        "3": 0.04713804713804714,
        "5": 0.04511784511784512,
        "10": 0.04410774410774411
      },
      "recall_at_k": {
        "3": 0.08973063973063973,
        "5": 0.14326599326599326,
        "10": 0.2702581369248036
      },
      "ndcg_at_k": {
        "3": 0.07584453608911948,
        "5": 0.09985836350163547,
        "10": 0.14621798434613634
      },
      "auc_roc": 0.67723340844686,
      "f1_at_0_5": 0.054694621695533276,
      "notes": "best_val_auc=0.6981"
    },
    {
      "split": "test",
      "model": "multimodal_original",
      "seed": 789,
      "n_segments": 57962,
      "n_videos": 557,
      "n_positives": 504,
      "n_rank_eligible_videos": 297,
      "precision_at_k": {
        "3": 0.05274971941638607,
        "5": 0.04579124579124579,
        "10": 0.04074074074074074
      },
      "recall_at_k": {
        "3": 0.09797979797979799,
        "5": 0.13524130190796857,
        "10": 0.243658810325477
      },
      "ndcg_at_k": {
        "3": 0.0852018766276404,
        "5": 0.10258790022614275,
        "10": 0.14209757316526464
      },
      "auc_roc": 0.6886261849234803,
      "f1_at_0_5": 0.05123247945867569,
      "notes": "best_val_auc=0.6952"
    },
    {
      "split": "test",
      "model": "multimodal_original",
      "seed": 1024,
      "n_segments": 57962,
      "n_videos": 557,
      "n_positives": 504,
      "n_rank_eligible_videos": 297,
      "precision_at_k": {
        "3": 0.05499438832772166,
        "5": 0.05252525252525253,
        "10": 0.04208754208754209
      },
      "recall_at_k": {
        "3": 0.10600448933782268,
        "5": 0.16285072951739615,
        "10": 0.2557800224466891
      },
      "ndcg_at_k": {
        "3": 0.08801838364559621,
        "5": 0.11371914441929752,
        "10": 0.14730505892489407
      },
      "auc_roc": 0.6768564422764012,
      "f1_at_0_5": 0.05426356589147287,
      "notes": "best_val_auc=0.6911"
    }
  ],
  "hyperparams": {
    "variant": "original",
    "bert_seed_used_for_cls": 42,
    "max_length": 256,
    "batch_size_train": 32,
    "lr": 0.0001,
    "epochs": 5,
    "audio_categories": [
      "audio_speech",
      "voice_quality",
      "audio_events",
      "audio_emotion"
    ],
    "visual_categories": [
      "visual"
    ],
    "metadata_categories": null
  }
}