{
  "split": "test",
  "model": "multimodal_with_metadata_ablate_visual",
  "seed": 456,
  "n_segments": 57962,
  "n_videos": 557,
  "n_positives": 504,
  "n_rank_eligible_videos": 297,
  "precision_at_k": {
    "3": 0.07519640852974185,
    "5": 0.06195286195286195,
    "10": 0.05117845117845118
  },
  "recall_at_k": {
    "3": 0.15280583613916948,
    "5": 0.20409652076318743,
    "10": 0.3235129068462402
  },
  "ndcg_at_k": {
    "3": 0.13426292121762015,
    "5": 0.15675594899729536,
    "10": 0.2005359113450922
  },
  "auc_roc": 0.7381669260693939,
  "f1_at_0_5": 0.06886758963436279,
  "notes": "best_val_auc=0.7486"
}