{
  "split": "test",
  "model": "multimodal_with_metadata_ablate_audio",
  "seed": 123,
  "n_segments": 57962,
  "n_videos": 557,
  "n_positives": 504,
  "n_rank_eligible_videos": 297,
  "precision_at_k": {
    "3": 0.0695847362514029,
    "5": 0.05521885521885522,
    "10": 0.048484848484848485
  },
  "recall_at_k": {
    "3": 0.14416386083052748,
    "5": 0.1797418630751964,
    "10": 0.30723905723905726
  },
  "ndcg_at_k": {
    "3": 0.13229268026731605,
    "5": 0.14864732133922523,
    "10": 0.19511097181595372
  },
  "auc_roc": 0.7391620110921602,
  "f1_at_0_5": 0.07759060745278203,
  "notes": "best_val_auc=0.7451"
}