{
  "split": "test",
  "model": "multimodal_with_metadata",
  "seed": 42,
  "n_segments": 57962,
  "n_videos": 557,
  "n_positives": 504,
  "n_rank_eligible_videos": 297,
  "precision_at_k": {
    "3": 0.07968574635241302,
    "5": 0.06531986531986532,
    "10": 0.05084175084175084
  },
  "recall_at_k": {
    "3": 0.16139169472502804,
    "5": 0.21565656565656566,
    "10": 0.33260381593714927
  },
  "ndcg_at_k": {
    "3": 0.14280389573471558,
    "5": 0.1665755517929994,
    "10": 0.2079218345597546
  },
  "auc_roc": 0.7418924043621649,
  "f1_at_0_5": 0.07615780445969125,
  "notes": "best_val_auc=0.7482"
}