{
  "split": "test",
  "model": "multimodal_with_metadata_ablate_visual",
  "seed": 1024,
  "n_segments": 57962,
  "n_videos": 557,
  "n_positives": 504,
  "n_rank_eligible_videos": 297,
  "precision_at_k": {
    "3": 0.0819304152637486,
    "5": 0.06195286195286195,
    "10": 0.05218855218855219
  },
  "recall_at_k": {
    "3": 0.16739618406285073,
    "5": 0.20976430976430976,
    "10": 0.340347923681257
  },
  "ndcg_at_k": {
    "3": 0.14875492986620048,
    "5": 0.16613804728716605,
    "10": 0.21270902783537068
  },
  "auc_roc": 0.7374891535680721,
  "f1_at_0_5": 0.06839186691312385,
  "notes": "best_val_auc=0.7536"
}