{
  "split": "test",
  "model": "multimodal_with_metadata_ablate_text",
  "seed": 789,
  "n_segments": 57962,
  "n_videos": 557,
  "n_positives": 504,
  "n_rank_eligible_videos": 297,
  "precision_at_k": {
    "3": 0.0695847362514029,
    "5": 0.05656565656565658,
    "10": 0.04410774410774411
  },
  "recall_at_k": {
    "3": 0.1371492704826038,
    "5": 0.17805836139169476,
    "10": 0.26795735129068465
  },
  "ndcg_at_k": {
    "3": 0.12842141287179829,
    "5": 0.14695507533607113,
    "10": 0.18008010998531646
  },
  "auc_roc": 0.7206512161816471,
  "f1_at_0_5": 0.06674907292954264,
  "notes": "best_val_auc=0.7351"
}