{
  "split": "test",
  "model": "multimodal_with_metadata_ablate_audio",
  "seed": 789,
  "n_segments": 57962,
  "n_videos": 557,
  "n_positives": 504,
  "n_rank_eligible_videos": 297,
  "precision_at_k": {
    "3": 0.07182940516273849,
    "5": 0.059932659932659935,
    "10": 0.05084175084175084
  },
  "recall_at_k": {
    "3": 0.14725028058361392,
    "5": 0.1909652076318743,
    "10": 0.32435465768799104
  },
  "ndcg_at_k": {
    "3": 0.13196364677207675,
    "5": 0.15188944217319236,
    "10": 0.19933455291364097
  },
  "auc_roc": 0.7407090693436807,
  "f1_at_0_5": 0.07654563297350343,
  "notes": "best_val_auc=0.7447"
}