{
  "split": "test",
  "model": "multimodal_with_metadata",
  "seed": 1024,
  "n_segments": 57962,
  "n_videos": 557,
  "n_positives": 504,
  "n_rank_eligible_videos": 297,
  "precision_at_k": {
    "3": 0.0707070707070707,
    "5": 0.05723905723905724,
    "10": 0.05185185185185185
  },
  "recall_at_k": {
    "3": 0.1392255892255892,
    "5": 0.1812570145903479,
    "10": 0.32794612794612793
  },
  "ndcg_at_k": {
    "3": 0.12442769055453184,
    "5": 0.14292348336852137,
    "10": 0.19594861075491704
  },
  "auc_roc": 0.7368140745455479,
  "f1_at_0_5": 0.06543385490753911,
  "notes": "best_val_auc=0.7536"
}