{
  "split": "test",
  "model": "multimodal_with_metadata_ablate_visual",
  "seed": 123,
  "n_segments": 57962,
  "n_videos": 557,
  "n_positives": 504,
  "n_rank_eligible_videos": 297,
  "precision_at_k": {
    "3": 0.07519640852974185,
    "5": 0.06127946127946129,
    "10": 0.05420875420875421
  },
  "recall_at_k": {
    "3": 0.1546576879910213,
    "5": 0.20679012345679013,
    "10": 0.35802469135802467
  },
  "ndcg_at_k": {
    "3": 0.1376427240784407,
    "5": 0.1597356722614493,
    "10": 0.21349364707780125
  },
  "auc_roc": 0.7417865126604553,
  "f1_at_0_5": 0.07213930348258707,
  "notes": "best_val_auc=0.7532"
}