{
  "split": "test",
  "model": "multimodal_with_metadata_ablate_visual",
  "seed": 789,
  "n_segments": 57962,
  "n_videos": 557,
  "n_positives": 504,
  "n_rank_eligible_videos": 297,
  "precision_at_k": {
    "3": 0.0819304152637486,
    "5": 0.06127946127946129,
    "10": 0.054882154882154886
  },
  "recall_at_k": {
    "3": 0.16475869809203142,
    "5": 0.20594837261503926,
    "10": 0.36184062850729515
  },
  "ndcg_at_k": {
    "3": 0.14759939848543935,
    "5": 0.16516173209078616,
    "10": 0.2201564123983098
  },
  "auc_roc": 0.7432905443147707,
  "f1_at_0_5": 0.06866952789699571,
  "notes": "best_val_auc=0.7581"
}