{
  "split": "test",
  "model": "multimodal_with_metadata_ablate_visual",
  "seed": 42,
  "n_segments": 57962,
  "n_videos": 557,
  "n_positives": 504,
  "n_rank_eligible_videos": 297,
  "precision_at_k": {
    "3": 0.07407407407407407,
    "5": 0.05993265993265992,
    "10": 0.055218855218855216
  },
  "recall_at_k": {
    "3": 0.14551066217732886,
    "5": 0.19769921436588103,
    "10": 0.3538720538720539
  },
  "ndcg_at_k": {
    "3": 0.13239865688768845,
    "5": 0.15445738576781506,
    "10": 0.2103749864718382
  },
  "auc_roc": 0.736482206879062,
  "f1_at_0_5": 0.06776283009466866,
  "notes": "best_val_auc=0.7475"
}