{
  "split": "test",
  "model": "multimodal_with_metadata_ablate_audio",
  "seed": 1024,
  "n_segments": 57962,
  "n_videos": 557,
  "n_positives": 504,
  "n_rank_eligible_videos": 297,
  "precision_at_k": {
    "3": 0.0707070707070707,
    "5": 0.05925925925925926,
    "10": 0.049494949494949494
  },
  "recall_at_k": {
    "3": 0.1436026936026936,
    "5": 0.18787878787878787,
    "10": 0.312682379349046
  },
  "ndcg_at_k": {
    "3": 0.1324499056896008,
    "5": 0.1533354650310054,
    "10": 0.19810355861014955
  },
  "auc_roc": 0.7396738756590735,
  "f1_at_0_5": 0.06699266503667482,
  "notes": "best_val_auc=0.7491"
}