{
  "split": "test",
  "model": "multimodal_with_metadata_ablate_text",
  "seed": 123,
  "n_segments": 57962,
  "n_videos": 557,
  "n_positives": 504,
  "n_rank_eligible_videos": 297,
  "precision_at_k": {
    "3": 0.0707070707070707,
    "5": 0.0632996632996633,
    "10": 0.044781144781144776
  },
  "recall_at_k": {
    "3": 0.13277216610549944,
    "5": 0.2027497194163861,
    "10": 0.2765993265993266
  },
  "ndcg_at_k": {
    "3": 0.12368845169290311,
    "5": 0.1536261181002798,
    "10": 0.18041935592758304
  },
  "auc_roc": 0.7193322575993396,
  "f1_at_0_5": 0.0747800586510264,
  "notes": "best_val_auc=0.7253"
}