{
  "precision_at_3": {
    "mean": 0.0722783389450056,
    "std": 0.003422660085741171,
    "n_seeds": 5,
    "values": [
      0.07407407407407407,
      0.0707070707070707,
      0.0695847362514029,
      0.0695847362514029,
      0.07744107744107744
    ]
  },
  "precision_at_5": {
    "mean": 0.05885521885521886,
    "std": 0.002634021173819248,
    "n_seeds": 5,
    "values": [
      0.05858585858585858,
      0.0632996632996633,
      0.058585858585858595,
      0.05656565656565658,
      0.05723905723905724
    ]
  },
  "precision_at_10": {
    "mean": 0.04498316498316498,
    "std": 0.0020145825322089635,
    "n_seeds": 5,
    "values": [
      0.04848484848484848,
      0.044781144781144776,
      0.04410774410774411,
      0.04410774410774411,
      0.04343434343434344
    ]
  },
  "recall_at_3": {
    "mean": 0.14234567901234568,
    "std": 0.007526505736223778,
    "n_seeds": 5,
    "values": [
      0.14242424242424243,
      0.13277216610549944,
      0.14977553310886643,
      0.1371492704826038,
      0.14960718294051628
    ]
  },
  "recall_at_5": {
    "mean": 0.19108866442199773,
    "std": 0.010159560323846078,
    "n_seeds": 5,
    "values": [
      0.1942760942760943,
      0.2027497194163861,
      0.19708193041526373,
      0.17805836139169476,
      0.18327721661054994
    ]
  },
  "recall_at_10": {
    "mean": 0.2782603815937149,
    "std": 0.01380999369798995,
    "n_seeds": 5,
    "values": [
      0.30173961840628505,
      0.2765993265993266,
      0.2767676767676767,
      0.26795735129068465,
      0.2682379349046015
    ]
  },
  "ndcg_at_3": {
    "mean": 0.13111250752354497,
    "std": 0.005280149616170458,
    "n_seeds": 5,
    "values": [
      0.134051652658732,
      0.12368845169290311,
      0.13198249401082457,
      0.12842141287179829,
      0.13741852638346685
    ]
  },
  "ndcg_at_5": {
    "mean": 0.15187112261562766,
    "std": 0.003046502240294066,
    "n_seeds": 5,
    "values": [
      0.15460714906653844,
      0.1536261181002798,
      0.15315625115150136,
      0.14695507533607113,
      0.15101101942374762
    ]
  },
  "ndcg_at_10": {
    "mean": 0.1843648689205803,
    "std": 0.006292290991035071,
    "n_seeds": 5,
    "values": [
      0.19533061438740326,
      0.18041935592758304,
      0.1834748822789689,
      0.18008010998531646,
      0.18251938202362983
    ]
  },
  "auc_roc": {
    "mean": 0.7228470160674988,
    "std": 0.005093451395996303,
    "n_seeds": 5,
    "values": [
      0.7208722713678506,
      0.7193322575993396,
      0.7318455557876091,
      0.7206512161816471,
      0.7215337794010477
    ]
  },
  "f1_at_0_5": {
    "mean": 0.0707256670076976,
    "std": 0.003465947344657502,
    "n_seeds": 5,
    "values": [
      0.07097017742544356,
      0.0747800586510264,
      0.06776379477250725,
      0.06674907292954264,
      0.0733652312599681
    ]
  },
  "seeds": [
    42,
    123,
    456,
    789,
    1024
  ],
  "model": "multimodal_with_metadata_ablate_text",
  "split": "test",
  "per_seed": [
    {
      "split": "test",
      "model": "multimodal_with_metadata_ablate_text",
      "seed": 42,
      "n_segments": 57962,
      "n_videos": 557,
      "n_positives": 504,
      "n_rank_eligible_videos": 297,
      "precision_at_k": {
        "3": 0.07407407407407407,
        "5": 0.05858585858585858,
        "10": 0.04848484848484848
      },
      "recall_at_k": {
        "3": 0.14242424242424243,
        "5": 0.1942760942760943,
        "10": 0.30173961840628505
      },
      "ndcg_at_k": {
        "3": 0.134051652658732,
        "5": 0.15460714906653844,
        "10": 0.19533061438740326
      },
      "auc_roc": 0.7208722713678506,
      "f1_at_0_5": 0.07097017742544356,
      "notes": "best_val_auc=0.7382"
    },
    {
      "split": "test",
      "model": "multimodal_with_metadata_ablate_text",
      "seed": 123,
      "n_segments": 57962,
      "n_videos": 557,
      "n_positives": 504,
      "n_rank_eligible_videos": 297,
      "precision_at_k": {
        "3": 0.0707070707070707,
        "5": 0.0632996632996633,
        "10": 0.044781144781144776
      },
      "recall_at_k": {
        "3": 0.13277216610549944,
        "5": 0.2027497194163861,
        "10": 0.2765993265993266
      },
      "ndcg_at_k": {
        "3": 0.12368845169290311,
        "5": 0.1536261181002798,
        "10": 0.18041935592758304
      },
      "auc_roc": 0.7193322575993396,
      "f1_at_0_5": 0.0747800586510264,
      "notes": "best_val_auc=0.7253"
    },
    {
      "split": "test",
      "model": "multimodal_with_metadata_ablate_text",
      "seed": 456,
      "n_segments": 57962,
      "n_videos": 557,
      "n_positives": 504,
      "n_rank_eligible_videos": 297,
      "precision_at_k": {
        "3": 0.0695847362514029,
        "5": 0.058585858585858595,
        "10": 0.04410774410774411
      },
      "recall_at_k": {
        "3": 0.14977553310886643,
        "5": 0.19708193041526373,
        "10": 0.2767676767676767
      },
      "ndcg_at_k": {
        "3": 0.13198249401082457,
        "5": 0.15315625115150136,
        "10": 0.1834748822789689
      },
      "auc_roc": 0.7318455557876091,
      "f1_at_0_5": 0.06776379477250725,
      "notes": "best_val_auc=0.7388"
    },
    {
      "split": "test",
      "model": "multimodal_with_metadata_ablate_text",
      "seed": 789,
      "n_segments": 57962,
      "n_videos": 557,
      "n_positives": 504,
      "n_rank_eligible_videos": 297,
      "precision_at_k": {
        "3": 0.0695847362514029,
        "5": 0.05656565656565658,
        "10": 0.04410774410774411
      },
      "recall_at_k": {
        "3": 0.1371492704826038,
        "5": 0.17805836139169476,
        "10": 0.26795735129068465
      },
      "ndcg_at_k": {
        "3": 0.12842141287179829,
        "5": 0.14695507533607113,
        "10": 0.18008010998531646
      },
      "auc_roc": 0.7206512161816471,
      "f1_at_0_5": 0.06674907292954264,
      "notes": "best_val_auc=0.7351"
    },
    {
      "split": "test",
      "model": "multimodal_with_metadata_ablate_text",
      "seed": 1024,
      "n_segments": 57962,
      "n_videos": 557,
      "n_positives": 504,
      "n_rank_eligible_videos": 297,
      "precision_at_k": {
        "3": 0.07744107744107744,
        "5": 0.05723905723905724,
        "10": 0.04343434343434344
      },
      "recall_at_k": {
        "3": 0.14960718294051628,
        "5": 0.18327721661054994,
        "10": 0.2682379349046015
      },
      "ndcg_at_k": {
        "3": 0.13741852638346685,
        "5": 0.15101101942374762,
        "10": 0.18251938202362983
      },
      "auc_roc": 0.7215337794010477,
      "f1_at_0_5": 0.0733652312599681,
      "notes": "best_val_auc=0.7364"
    }
  ],
  "hyperparams": {
    "variant": "with_metadata",
    "ablate_branch": "text",
    "branches_used": {
      "use_text": false,
      "use_audio": true,
      "use_visual": true,
      "use_metadata": true
    },
    "max_length": 256,
    "batch_size_train": 32,
    "lr": 0.0001,
    "epochs": 5
  }
}