{
  "split": "test",
  "model": "multimodal_with_metadata_ablate_text",
  "seed": 456,
  "n_segments": 57962,
  "n_videos": 557,
  "n_positives": 504,
  "n_rank_eligible_videos": 297,
  "precision_at_k": {
    "3": 0.0695847362514029,
    "5": 0.058585858585858595,
    "10": 0.04410774410774411
  },
  "recall_at_k": {
    "3": 0.14977553310886643,
    "5": 0.19708193041526373,
    "10": 0.2767676767676767
  },
  "ndcg_at_k": {
    "3": 0.13198249401082457,
    "5": 0.15315625115150136,
    "10": 0.1834748822789689
  },
  "auc_roc": 0.7318455557876091,
  "f1_at_0_5": 0.06776379477250725,
  "notes": "best_val_auc=0.7388"
}