{
  "split": "test",
  "model": "multimodal_with_metadata",
  "seed": 456,
  "n_segments": 57962,
  "n_videos": 557,
  "n_positives": 504,
  "n_rank_eligible_videos": 297,
  "precision_at_k": {
    "3": 0.07182940516273849,
    "5": 0.05925925925925926,
    "10": 0.05185185185185185
  },
  "recall_at_k": {
    "3": 0.14584736251402916,
    "5": 0.19629629629629627,
    "10": 0.34444444444444444
  },
  "ndcg_at_k": {
    "3": 0.12846696051047488,
    "5": 0.15059088374012636,
    "10": 0.2028769900856836
  },
  "auc_roc": 0.73475093885002,
  "f1_at_0_5": 0.0673992673992674,
  "notes": "best_val_auc=0.7534"
}