{
  "precision_at_3": {
    "mean": 0.0734006734006734,
    "std": 0.003601976775730915,
    "n_seeds": 5,
    "values": [
      0.07968574635241302,
      0.07182940516273847,
      0.07182940516273849,
      0.07295173961840627,
      0.0707070707070707
    ]
  },
  "precision_at_5": {
    "mean": 0.061010101010101014,
    "std": 0.0031078736051755747,
    "n_seeds": 5,
    "values": [
      0.06531986531986532,
      0.06060606060606061,
      0.05925925925925926,
      0.06262626262626263,
      0.05723905723905724
    ]
  },
  "precision_at_10": {
    "mean": 0.05225589225589226,
    "std": 0.002094590035689664,
    "n_seeds": 5,
    "values": [
      0.05084175084175084,
      0.05084175084175085,
      0.05185185185185185,
      0.05589225589225588,
      0.05185185185185185
    ]
  },
  "recall_at_3": {
    "mean": 0.14797979797979796,
    "std": 0.008129084035300424,
    "n_seeds": 5,
    "values": [
      0.16139169472502804,
      0.1469135802469136,
      0.14584736251402916,
      0.14652076318742985,
      0.1392255892255892
    ]
  },
  "recall_at_5": {
    "mean": 0.1987317620650954,
    "std": 0.012271522513029744,
    "n_seeds": 5,
    "values": [
      0.21565656565656566,
      0.19994388327721657,
      0.19629629629629627,
      0.2005050505050505,
      0.1812570145903479
    ]
  },
  "recall_at_10": {
    "mean": 0.33560044893378227,
    "std": 0.013664082066766925,
    "n_seeds": 5,
    "values": [
      0.33260381593714927,
      0.31919191919191914,
      0.34444444444444444,
      0.3538159371492705,
      0.32794612794612793
    ]
  },
  "ndcg_at_3": {
    "mean": 0.13205612349072018,
    "std": 0.006836233719227497,
    "n_seeds": 5,
    "values": [
      0.14280389573471558,
      0.13194729811296899,
      0.12846696051047488,
      0.13263477254090958,
      0.12442769055453184
    ]
  },
  "ndcg_at_5": {
    "mean": 0.15447034114994343,
    "std": 0.00868758879741292,
    "n_seeds": 5,
    "values": [
      0.1665755517929994,
      0.1552748298720632,
      0.15059088374012636,
      0.1569869569760068,
      0.14292348336852137
    ]
  },
  "ndcg_at_10": {
    "mean": 0.20324561087435505,
    "std": 0.006242816506166613,
    "n_seeds": 5,
    "values": [
      0.2079218345597546,
      0.19856885812252634,
      0.2028769900856836,
      0.21091176084889357,
      0.19594861075491704
    ]
  },
  "auc_roc": {
    "mean": 0.7384879024126387,
    "std": 0.003082605397576923,
    "n_seeds": 5,
    "values": [
      0.7418924043621649,
      0.7375365657012687,
      0.73475093885002,
      0.7414455286041923,
      0.7368140745455479
    ]
  },
  "f1_at_0_5": {
    "mean": 0.06999272918881874,
    "std": 0.004463139386771377,
    "n_seeds": 5,
    "values": [
      0.07615780445969125,
      0.06787163408336407,
      0.0673992673992674,
      0.07310108509423187,
      0.06543385490753911
    ]
  },
  "seeds": [
    42,
    123,
    456,
    789,
    1024
  ],
  "model": "multimodal_with_metadata",
  "split": "test",
  "per_seed": [
    {
      "split": "test",
      "model": "multimodal_with_metadata",
      "seed": 42,
      "n_segments": 57962,
      "n_videos": 557,
      "n_positives": 504,
      "n_rank_eligible_videos": 297,
      "precision_at_k": {
        "3": 0.07968574635241302,
        "5": 0.06531986531986532,
        "10": 0.05084175084175084
      },
      "recall_at_k": {
        "3": 0.16139169472502804,
        "5": 0.21565656565656566,
        "10": 0.33260381593714927
      },
      "ndcg_at_k": {
        "3": 0.14280389573471558,
        "5": 0.1665755517929994,
        "10": 0.2079218345597546
      },
      "auc_roc": 0.7418924043621649,
      "f1_at_0_5": 0.07615780445969125,
      "notes": "best_val_auc=0.7482"
    },
    {
      "split": "test",
      "model": "multimodal_with_metadata",
      "seed": 123,
      "n_segments": 57962,
      "n_videos": 557,
      "n_positives": 504,
      "n_rank_eligible_videos": 297,
      "precision_at_k": {
        "3": 0.07182940516273847,
        "5": 0.06060606060606061,
        "10": 0.05084175084175085
      },
      "recall_at_k": {
        "3": 0.1469135802469136,
        "5": 0.19994388327721657,
        "10": 0.31919191919191914
      },
      "ndcg_at_k": {
        "3": 0.13194729811296899,
        "5": 0.1552748298720632,
        "10": 0.19856885812252634
      },
      "auc_roc": 0.7375365657012687,
      "f1_at_0_5": 0.06787163408336407,
      "notes": "best_val_auc=0.7488"
    },
    {
      "split": "test",
      "model": "multimodal_with_metadata",
      "seed": 456,
      "n_segments": 57962,
      "n_videos": 557,
      "n_positives": 504,
      "n_rank_eligible_videos": 297,
      "precision_at_k": {
        "3": 0.07182940516273849,
        "5": 0.05925925925925926,
        "10": 0.05185185185185185
      },
      "recall_at_k": {
        "3": 0.14584736251402916,
        "5": 0.19629629629629627,
        "10": 0.34444444444444444
      },
      "ndcg_at_k": {
        "3": 0.12846696051047488,
        "5": 0.15059088374012636,
        "10": 0.2028769900856836
      },
      "auc_roc": 0.73475093885002,
      "f1_at_0_5": 0.0673992673992674,
      "notes": "best_val_auc=0.7534"
    },
    {
      "split": "test",
      "model": "multimodal_with_metadata",
      "seed": 789,
      "n_segments": 57962,
      "n_videos": 557,
      "n_positives": 504,
      "n_rank_eligible_videos": 297,
      "precision_at_k": {
        "3": 0.07295173961840627,
        "5": 0.06262626262626263,
        "10": 0.05589225589225588
      },
      "recall_at_k": {
        "3": 0.14652076318742985,
        "5": 0.2005050505050505,
        "10": 0.3538159371492705
      },
      "ndcg_at_k": {
        "3": 0.13263477254090958,
        "5": 0.1569869569760068,
        "10": 0.21091176084889357
      },
      "auc_roc": 0.7414455286041923,
      "f1_at_0_5": 0.07310108509423187,
      "notes": "best_val_auc=0.7526"
    },
    {
      "split": "test",
      "model": "multimodal_with_metadata",
      "seed": 1024,
      "n_segments": 57962,
      "n_videos": 557,
      "n_positives": 504,
      "n_rank_eligible_videos": 297,
      "precision_at_k": {
        "3": 0.0707070707070707,
        "5": 0.05723905723905724,
        "10": 0.05185185185185185
      },
      "recall_at_k": {
        "3": 0.1392255892255892,
        "5": 0.1812570145903479,
        "10": 0.32794612794612793
      },
      "ndcg_at_k": {
        "3": 0.12442769055453184,
        "5": 0.14292348336852137,
        "10": 0.19594861075491704
      },
      "auc_roc": 0.7368140745455479,
      "f1_at_0_5": 0.06543385490753911,
      "notes": "best_val_auc=0.7536"
    }
  ],
  "hyperparams": {
    "variant": "with_metadata",
    "bert_seed_used_for_cls": 42,
    "max_length": 256,
    "batch_size_train": 32,
    "lr": 0.0001,
    "epochs": 5,
    "audio_categories": [
      "audio_speech",
      "voice_quality",
      "audio_events",
      "audio_emotion"
    ],
    "visual_categories": [
      "visual"
    ],
    "metadata_categories": [
      "structural",
      "creator_context"
    ]
  }
}