{
  "split": "test",
  "model": "multimodal_with_metadata_ablate_audio",
  "seed": 42,
  "n_segments": 57962,
  "n_videos": 557,
  "n_positives": 504,
  "n_rank_eligible_videos": 297,
  "precision_at_k": {
    "3": 0.07295173961840627,
    "5": 0.06262626262626263,
    "10": 0.04882154882154882
  },
  "recall_at_k": {
    "3": 0.14708193041526377,
    "5": 0.20067340067340064,
    "10": 0.3140852974186307
  },
  "ndcg_at_k": {
    "3": 0.13131677071287817,
    "5": 0.15548280544838797,
    "10": 0.1955154983732554
  },
  "auc_roc": 0.7342292499918505,
  "f1_at_0_5": 0.07088331515812432,
  "notes": "best_val_auc=0.7410"
}