{
  "split": "test",
  "model": "multimodal_original",
  "seed": 123,
  "n_segments": 57962,
  "n_videos": 557,
  "n_positives": 504,
  "n_rank_eligible_videos": 297,
  "precision_at_k": {
    "3": 0.058361391694725026,
    "5": 0.05252525252525253,
    "10": 0.04107744107744109
  },
  "recall_at_k": {
    "3": 0.10409652076318743,
    "5": 0.15072951739618407,
    "10": 0.24169472502805836
  },
  "ndcg_at_k": {
    "3": 0.08843919710004526,
    "5": 0.10885843458127654,
    "10": 0.14186082550196583
  },
  "auc_roc": 0.6797787459107467,
  "f1_at_0_5": 0.052820053715308866,
  "notes": "best_val_auc=0.6930"
}