{
  "split": "test",
  "model": "multimodal_with_metadata",
  "seed": 789,
  "n_segments": 57962,
  "n_videos": 557,
  "n_positives": 504,
  "n_rank_eligible_videos": 297,
  "precision_at_k": {
    "3": 0.07295173961840627,
    "5": 0.06262626262626263,
    "10": 0.05589225589225588
  },
  "recall_at_k": {
    "3": 0.14652076318742985,
    "5": 0.2005050505050505,
    "10": 0.3538159371492705
  },
  "ndcg_at_k": {
    "3": 0.13263477254090958,
    "5": 0.1569869569760068,
    "10": 0.21091176084889357
  },
  "auc_roc": 0.7414455286041923,
  "f1_at_0_5": 0.07310108509423187,
  "notes": "best_val_auc=0.7526"
}