{
  "precision_at_3": {
    "mean": 0.07048260381593714,
    "std": 0.0021588534300416742,
    "n_seeds": 5,
    "values": [
      0.07295173961840627,
      0.0695847362514029,
      0.06734006734006734,
      0.07182940516273849,
      0.0707070707070707
    ]
  },
  "precision_at_5": {
    "mean": 0.05885521885521885,
    "std": 0.0028008935142202576,
    "n_seeds": 5,
    "values": [
      0.06262626262626263,
      0.05521885521885522,
      0.05723905723905724,
      0.059932659932659935,
      0.05925925925925926
    ]
  },
  "precision_at_10": {
    "mean": 0.04915824915824916,
    "std": 0.0010647399529186458,
    "n_seeds": 5,
    "values": [
      0.04882154882154882,
      0.048484848484848485,
      0.04814814814814815,
      0.05084175084175084,
      0.049494949494949494
    ]
  },
  "recall_at_3": {
    "mean": 0.1428956228956229,
    "std": 0.006107139394856681,
    "n_seeds": 5,
    "values": [
      0.14708193041526377,
      0.14416386083052748,
      0.1323793490460157,
      0.14725028058361392,
      0.1436026936026936
    ]
  },
  "recall_at_5": {
    "mean": 0.1885297418630752,
    "std": 0.008022984129259213,
    "n_seeds": 5,
    "values": [
      0.20067340067340064,
      0.1797418630751964,
      0.18338945005611673,
      0.1909652076318743,
      0.18787878787878787
    ]
  },
  "recall_at_10": {
    "mean": 0.31393939393939396,
    "std": 0.006359116719145695,
    "n_seeds": 5,
    "values": [
      0.3140852974186307,
      0.30723905723905726,
      0.31133557800224465,
      0.32435465768799104,
      0.312682379349046
    ]
  },
  "ndcg_at_3": {
    "mean": 0.13098373901840824,
    "std": 0.002326275590992699,
    "n_seeds": 5,
    "values": [
      0.13131677071287817,
      0.13229268026731605,
      0.12689569165016942,
      0.13196364677207675,
      0.1324499056896008
    ]
  },
  "ndcg_at_5": {
    "mean": 0.1518246453780836,
    "std": 0.0027383067120271914,
    "n_seeds": 5,
    "values": [
      0.15548280544838797,
      0.14864732133922523,
      0.1497681928986071,
      0.15188944217319236,
      0.1533354650310054
    ]
  },
  "ndcg_at_10": {
    "mean": 0.19675118612614284,
    "std": 0.0018603210347008141,
    "n_seeds": 5,
    "values": [
      0.1955154983732554,
      0.19511097181595372,
      0.1956913489177145,
      0.19933455291364097,
      0.19810355861014955
    ]
  },
  "auc_roc": {
    "mean": 0.739156599962319,
    "std": 0.002961906126011857,
    "n_seeds": 5,
    "values": [
      0.7342292499918505,
      0.7391620110921602,
      0.7420087937248298,
      0.7407090693436807,
      0.7396738756590735
    ]
  },
  "f1_at_0_5": {
    "mean": 0.07271371424944054,
    "std": 0.004355684329401948,
    "n_seeds": 5,
    "values": [
      0.07088331515812432,
      0.07759060745278203,
      0.07155635062611806,
      0.07654563297350343,
      0.06699266503667482
    ]
  },
  "seeds": [
    42,
    123,
    456,
    789,
    1024
  ],
  "model": "multimodal_with_metadata_ablate_audio",
  "split": "test",
  "per_seed": [
    {
      "split": "test",
      "model": "multimodal_with_metadata_ablate_audio",
      "seed": 42,
      "n_segments": 57962,
      "n_videos": 557,
      "n_positives": 504,
      "n_rank_eligible_videos": 297,
      "precision_at_k": {
        "3": 0.07295173961840627,
        "5": 0.06262626262626263,
        "10": 0.04882154882154882
      },
      "recall_at_k": {
        "3": 0.14708193041526377,
        "5": 0.20067340067340064,
        "10": 0.3140852974186307
      },
      "ndcg_at_k": {
        "3": 0.13131677071287817,
        "5": 0.15548280544838797,
        "10": 0.1955154983732554
      },
      "auc_roc": 0.7342292499918505,
      "f1_at_0_5": 0.07088331515812432,
      "notes": "best_val_auc=0.7410"
    },
    {
      "split": "test",
      "model": "multimodal_with_metadata_ablate_audio",
      "seed": 123,
      "n_segments": 57962,
      "n_videos": 557,
      "n_positives": 504,
      "n_rank_eligible_videos": 297,
      "precision_at_k": {
        "3": 0.0695847362514029,
        "5": 0.05521885521885522,
        "10": 0.048484848484848485
      },
      "recall_at_k": {
        "3": 0.14416386083052748,
        "5": 0.1797418630751964,
        "10": 0.30723905723905726
      },
      "ndcg_at_k": {
        "3": 0.13229268026731605,
        "5": 0.14864732133922523,
        "10": 0.19511097181595372
      },
      "auc_roc": 0.7391620110921602,
      "f1_at_0_5": 0.07759060745278203,
      "notes": "best_val_auc=0.7451"
    },
    {
      "split": "test",
      "model": "multimodal_with_metadata_ablate_audio",
      "seed": 456,
      "n_segments": 57962,
      "n_videos": 557,
      "n_positives": 504,
      "n_rank_eligible_videos": 297,
      "precision_at_k": {
        "3": 0.06734006734006734,
        "5": 0.05723905723905724,
        "10": 0.04814814814814815
      },
      "recall_at_k": {
        "3": 0.1323793490460157,
        "5": 0.18338945005611673,
        "10": 0.31133557800224465
      },
      "ndcg_at_k": {
        "3": 0.12689569165016942,
        "5": 0.1497681928986071,
        "10": 0.1956913489177145
      },
      "auc_roc": 0.7420087937248298,
      "f1_at_0_5": 0.07155635062611806,
      "notes": "best_val_auc=0.7498"
    },
    {
      "split": "test",
      "model": "multimodal_with_metadata_ablate_audio",
      "seed": 789,
      "n_segments": 57962,
      "n_videos": 557,
      "n_positives": 504,
      "n_rank_eligible_videos": 297,
      "precision_at_k": {
        "3": 0.07182940516273849,
        "5": 0.059932659932659935,
        "10": 0.05084175084175084
      },
      "recall_at_k": {
        "3": 0.14725028058361392,
        "5": 0.1909652076318743,
        "10": 0.32435465768799104
      },
      "ndcg_at_k": {
        "3": 0.13196364677207675,
        "5": 0.15188944217319236,
        "10": 0.19933455291364097
      },
      "auc_roc": 0.7407090693436807,
      "f1_at_0_5": 0.07654563297350343,
      "notes": "best_val_auc=0.7447"
    },
    {
      "split": "test",
      "model": "multimodal_with_metadata_ablate_audio",
      "seed": 1024,
      "n_segments": 57962,
      "n_videos": 557,
      "n_positives": 504,
      "n_rank_eligible_videos": 297,
      "precision_at_k": {
        "3": 0.0707070707070707,
        "5": 0.05925925925925926,
        "10": 0.049494949494949494
      },
      "recall_at_k": {
        "3": 0.1436026936026936,
        "5": 0.18787878787878787,
        "10": 0.312682379349046
      },
      "ndcg_at_k": {
        "3": 0.1324499056896008,
        "5": 0.1533354650310054,
        "10": 0.19810355861014955
      },
      "auc_roc": 0.7396738756590735,
      "f1_at_0_5": 0.06699266503667482,
      "notes": "best_val_auc=0.7491"
    }
  ],
  "hyperparams": {
    "variant": "with_metadata",
    "ablate_branch": "audio",
    "branches_used": {
      "use_text": true,
      "use_audio": false,
      "use_visual": true,
      "use_metadata": true
    },
    "max_length": 256,
    "batch_size_train": 32,
    "lr": 0.0001,
    "epochs": 5
  }
}