{
  "split": "test",
  "model": "multimodal_with_metadata_ablate_audio",
  "seed": 456,
  "n_segments": 57962,
  "n_videos": 557,
  "n_positives": 504,
  "n_rank_eligible_videos": 297,
  "precision_at_k": {
    "3": 0.06734006734006734,
    "5": 0.05723905723905724,
    "10": 0.04814814814814815
  },
  "recall_at_k": {
    "3": 0.1323793490460157,
    "5": 0.18338945005611673,
    "10": 0.31133557800224465
  },
  "ndcg_at_k": {
    "3": 0.12689569165016942,
    "5": 0.1497681928986071,
    "10": 0.1956913489177145
  },
  "auc_roc": 0.7420087937248298,
  "f1_at_0_5": 0.07155635062611806,
  "notes": "best_val_auc=0.7498"
}