{
  "split": "test",
  "model": "multimodal_original",
  "seed": 789,
  "n_segments": 57962,
  "n_videos": 557,
  "n_positives": 504,
  "n_rank_eligible_videos": 297,
  "precision_at_k": {
    "3": 0.05274971941638607,
    "5": 0.04579124579124579,
    "10": 0.04074074074074074
  },
  "recall_at_k": {
    "3": 0.09797979797979799,
    "5": 0.13524130190796857,
    "10": 0.243658810325477
  },
  "ndcg_at_k": {
    "3": 0.0852018766276404,
    "5": 0.10258790022614275,
    "10": 0.14209757316526464
  },
  "auc_roc": 0.6886261849234803,
  "f1_at_0_5": 0.05123247945867569,
  "notes": "best_val_auc=0.6952"
}