{
  "split": "test",
  "model": "multimodal_original",
  "seed": 1024,
  "n_segments": 57962,
  "n_videos": 557,
  "n_positives": 504,
  "n_rank_eligible_videos": 297,
  "precision_at_k": {
    "3": 0.05499438832772166,
    "5": 0.05252525252525253,
    "10": 0.04208754208754209
  },
  "recall_at_k": {
    "3": 0.10600448933782268,
    "5": 0.16285072951739615,
    "10": 0.2557800224466891
  },
  "ndcg_at_k": {
    "3": 0.08801838364559621,
    "5": 0.11371914441929752,
    "10": 0.14730505892489407
  },
  "auc_roc": 0.6768564422764012,
  "f1_at_0_5": 0.05426356589147287,
  "notes": "best_val_auc=0.6911"
}