{
  "full": {
    "rf": {
      "precision@3_mean": 0.0047619047619047615,
      "precision@3_std": 0.010647942749998997,
      "precision@5_mean": 0.0028571428571428576,
      "precision@5_std": 0.0063887656499994,
      "precision@10_mean": 0.008571428571428574,
      "precision@10_std": 0.007824607964359517,
      "recall@3_mean": 0.014285714285714285,
      "recall@3_std": 0.031943828249996996,
      "recall@5_mean": 0.014285714285714285,
      "recall@5_std": 0.031943828249996996,
      "recall@10_mean": 0.03476190476190476,
      "recall@10_std": 0.035057452036773254,
      "ndcg@3_mean": 0.007142857142857143,
      "ndcg@3_std": 0.015971914124998498,
      "ndcg@5_mean": 0.007142857142857143,
      "ndcg@5_std": 0.015971914124998498,
      "ndcg@10_mean": 0.016239103326023015,
      "ndcg@10_std": 0.016169113898045612,
      "f1_mean": 0.02745758888064447,
      "f1_std": 0.011218541646584123,
      "auc_roc_mean": 0.6444353488372093,
      "auc_roc_std": 0.015684165625850927,
      "n_seeds": 5,
      "n_segments": 2175,
      "n_videos": 17,
      "n_positives": 25
    },
    "xgboost": {
      "precision@3_mean": 0.07142857142857142,
      "precision@3_std": 0.0,
      "precision@5_mean": 0.042857142857142864,
      "precision@5_std": 0.0,
      "precision@10_mean": 0.028571428571428574,
      "precision@10_std": 0.0,
      "recall@3_mean": 0.17857142857142858,
      "recall@3_std": 0.0,
      "recall@5_mean": 0.17857142857142858,
      "recall@5_std": 0.0,
      "recall@10_mean": 0.21428571428571427,
      "recall@10_std": 0.0,
      "ndcg@3_mean": 0.11522479948324701,
      "ndcg@3_std": 1.5515838457795457e-17,
      "ndcg@5_mean": 0.11522479948324701,
      "ndcg@5_std": 1.5515838457795457e-17,
      "ndcg@10_mean": 0.12904097117019495,
      "ndcg@10_std": 0.0,
      "f1_mean": 0.0,
      "f1_std": 0.0,
      "auc_roc_mean": 0.5800558139534884,
      "auc_roc_std": 0.0,
      "n_seeds": 5,
      "n_segments": 2175,
      "n_videos": 17,
      "n_positives": 25
    }
  },
  "ablation": {
    "rf": {
      "text": {
        "precision@3_mean": 0.023809523809523808,
        "precision@3_std": 0.0,
        "precision@5_mean": 0.014285714285714287,
        "precision@5_std": 0.0,
        "precision@10_mean": 0.018571428571428576,
        "precision@10_std": 0.003912303982179759,
        "recall@3_mean": 0.014285714285714287,
        "recall@3_std": 0.0,
        "recall@5_mean": 0.014285714285714287,
        "recall@5_std": 0.0,
        "recall@10_mean": 0.07714285714285714,
        "recall@10_std": 0.030750255792310357,
        "ndcg@3_mean": 0.02857142857142857,
        "ndcg@3_std": 0.006775985892479263,
        "ndcg@5_mean": 0.020649330646998622,
        "ndcg@5_std": 0.004897185060362085,
        "ndcg@10_mean": 0.042998713842112735,
        "ndcg@10_std": 0.011878957239324193,
        "f1_mean": 0.0465145894590232,
        "f1_std": 0.004416245970213247,
        "auc_roc_mean": 0.6391925581395348,
        "auc_roc_std": 0.014329951613679809,
        "n_seeds": 5,
        "n_segments": 2175,
        "n_videos": 17,
        "n_positives": 25
      },
      "audio": {
        "precision@3_mean": 0.0047619047619047615,
        "precision@3_std": 0.010647942749998997,
        "precision@5_mean": 0.014285714285714287,
        "precision@5_std": 0.010101525445522109,
        "precision@10_mean": 0.015714285714285715,
        "precision@10_std": 0.007824607964359517,
        "recall@3_mean": 0.0028571428571428576,
        "recall@3_std": 0.0063887656499994,
        "recall@5_mean": 0.027142857142857142,
        "recall@5_std": 0.019820624179302294,
        "recall@10_mean": 0.06,
        "recall@10_std": 0.045062315130250004,
        "ndcg@3_mean": 0.004229741585226646,
        "ndcg@3_std": 0.009457989711824502,
        "ndcg@5_mean": 0.015864647145162107,
        "ndcg@5_std": 0.010187806840422715,
        "ndcg@10_mean": 0.029342817154010707,
        "ndcg@10_std": 0.018493337395997646,
        "f1_mean": 0.03368797821219861,
        "f1_std": 0.006043317787147703,
        "auc_roc_mean": 0.6341432558139534,
        "auc_roc_std": 0.022382904702725973,
        "n_seeds": 5,
        "n_segments": 2175,
        "n_videos": 17,
        "n_positives": 25
      },
      "sentiment": {
        "precision@3_mean": 0.0047619047619047615,
        "precision@3_std": 0.010647942749998997,
        "precision@5_mean": 0.005714285714285715,
        "precision@5_std": 0.007824607964359517,
        "precision@10_mean": 0.015714285714285715,
        "precision@10_std": 0.007824607964359517,
        "recall@3_mean": 0.0028571428571428576,
        "recall@3_std": 0.0063887656499994,
        "recall@5_mean": 0.005714285714285715,
        "recall@5_std": 0.007824607964359517,
        "recall@10_mean": 0.09714285714285716,
        "recall@10_std": 0.05772029671667692,
        "ndcg@3_mean": 0.0033519909001625456,
        "ndcg@3_std": 0.007495279512724164,
        "ndcg@5_mean": 0.004509263606850207,
        "ndcg@5_std": 0.006203046581706474,
        "ndcg@10_mean": 0.036105829448929656,
        "ndcg@10_std": 0.02000936191342254,
        "f1_mean": 0.029362143895958676,
        "f1_std": 0.0044939907844629414,
        "auc_roc_mean": 0.6472669767441861,
        "auc_roc_std": 0.021775643853269782,
        "n_seeds": 5,
        "n_segments": 2175,
        "n_videos": 17,
        "n_positives": 25
      },
      "structural": {
        "precision@3_mean": 0.0047619047619047615,
        "precision@3_std": 0.010647942749998997,
        "precision@5_mean": 0.008571428571428572,
        "precision@5_std": 0.007824607964359517,
        "precision@10_mean": 0.008571428571428574,
        "precision@10_std": 0.007824607964359517,
        "recall@3_mean": 0.014285714285714285,
        "recall@3_std": 0.031943828249996996,
        "recall@5_mean": 0.04285714285714286,
        "recall@5_std": 0.03912303982179758,
        "recall@10_mean": 0.07857142857142856,
        "recall@10_std": 0.06388765649999399,
        "ndcg@3_mean": 0.009013282193877965,
        "ndcg@3_std": 0.020154311685899567,
        "ndcg@5_mean": 0.02069227312684846,
        "ndcg@5_std": 0.02000009509760418,
        "ndcg@10_mean": 0.03171450250189198,
        "ndcg@10_std": 0.029292435572404484,
        "f1_mean": 0.0173846028348189,
        "f1_std": 0.011163450769578987,
        "auc_roc_mean": 0.5962753488372093,
        "auc_roc_std": 0.01420214656343172,
        "n_seeds": 5,
        "n_segments": 2175,
        "n_videos": 17,
        "n_positives": 25
      }
    },
    "xgboost": {
      "text": {
        "precision@3_mean": 0.023809523809523808,
        "precision@3_std": 0.0,
        "precision@5_mean": 0.028571428571428574,
        "precision@5_std": 0.0,
        "precision@10_mean": 0.021428571428571432,
        "precision@10_std": 0.0,
        "recall@3_mean": 0.023809523809523808,
        "recall@3_std": 0.0,
        "recall@5_mean": 0.047619047619047616,
        "recall@5_std": 0.0,
        "recall@10_mean": 0.06190476190476191,
        "recall@10_std": 0.0,
        "ndcg@3_mean": 0.03351990900162546,
        "ndcg@3_std": 0.0,
        "ndcg@5_mean": 0.046487179897150656,
        "ndcg@5_std": 0.0,
        "ndcg@10_mean": 0.055116558661400236,
        "ndcg@10_std": 7.757919228897728e-18,
        "f1_mean": 0.0,
        "f1_std": 0.0,
        "auc_roc_mean": 0.5790511627906977,
        "auc_roc_std": 0.0,
        "n_seeds": 5,
        "n_segments": 2175,
        "n_videos": 17,
        "n_positives": 25
      },
      "audio": {
        "precision@3_mean": 0.07142857142857142,
        "precision@3_std": 0.0,
        "precision@5_mean": 0.05714285714285715,
        "precision@5_std": 0.0,
        "precision@10_mean": 0.028571428571428574,
        "precision@10_std": 0.0,
        "recall@3_mean": 0.13095238095238096,
        "recall@3_std": 0.0,
        "recall@5_mean": 0.14523809523809522,
        "recall@5_std": 0.0,
        "recall@10_mean": 0.14523809523809522,