{
  "precision@3_mean": 0.014285714285714285,
  "precision@3_std": 0.021295885499997995,
  "precision@5_mean": 0.01142857142857143,
  "precision@5_std": 0.015649215928719033,
  "precision@10_mean": 0.017142857142857147,
  "precision@10_std": 0.003912303982179759,
  "recall@3_mean": 0.010476190476190476,
  "recall@3_std": 0.016632618282450457,
  "recall@5_mean": 0.024761904761904763,
  "recall@5_std": 0.03785639412257484,
  "recall@10_mean": 0.06190476190476191,
  "recall@10_std": 0.0222717701593687,
  "ndcg@3_mean": 0.013407963600650183,
  "ndcg@3_std": 0.018359610285710735,
  "ndcg@5_mean": 0.016146178259376344,
  "ndcg@5_std": 0.02355527530402056,
  "ndcg@10_mean": 0.03296239025450504,
  "ndcg@10_std": 0.01489360907934445,
  "f1_mean": 0.0,
  "f1_std": 0.0,
  "auc_roc_mean": 0.5663516279069768,
  "auc_roc_std": 0.035486680077924264,
  "n_seeds": 5,
  "n_segments": 2175,
  "n_positives": 25
}