{
  "precision@3_mean": 0.023809523809523808,
  "precision@3_std": 0.016835875742536845,
  "precision@5_mean": 0.02285714285714286,
  "precision@5_std": 0.01628822035855912,
  "precision@10_mean": 0.015714285714285715,
  "precision@10_std": 0.00597614304667197,
  "recall@3_mean": 0.03142857142857143,
  "recall@3_std": 0.02621211227528168,
  "recall@5_mean": 0.05523809523809524,
  "recall@5_std": 0.04267155584232352,
  "recall@10_mean": 0.09095238095238095,
  "recall@10_std": 0.026747326990444988,
  "ndcg@3_mean": 0.03104566878652701,
  "ndcg@3_std": 0.029037604446111268,
  "ndcg@5_mean": 0.04174947502562305,
  "ndcg@5_std": 0.034025460636517325,
  "ndcg@10_mean": 0.05294263539132506,
  "ndcg@10_std": 0.029477547853009278,
  "f1_mean": 0.0,
  "f1_std": 0.0,
  "auc_roc_mean": 0.47240558139534883,
  "auc_roc_std": 0.02820413081682373,
  "n_seeds": 5,
  "n_segments": 2175,
  "n_positives": 25
}