{
  "precision@3_mean": 0.015476190476190472,
  "precision@3_std": 0.020410310475924436,
  "precision@5_mean": 0.015714285714285715,
  "precision@5_std": 0.015126757757278052,
  "precision@10_mean": 0.016714285714285716,
  "precision@10_std": 0.010364417507911054,
  "recall@3_mean": 0.026547619047619046,
  "recall@3_std": 0.03797385513951055,
  "recall@5_mean": 0.04621428571428571,
  "recall@5_std": 0.053307532368035926,
  "recall@10_mean": 0.09999999999999998,
  "recall@10_std": 0.07272827480470456,
  "ndcg@3_mean": 0.021152157749829686,
  "ndcg@3_std": 0.030104432362543766,
  "ndcg@5_mean": 0.029668346336252042,
  "ndcg@5_std": 0.03264451146282718,
  "ndcg@10_mean": 0.04905485298003647,
  "ndcg@10_std": 0.03626793941289488,
  "f1_mean": 0.023944355224294105,
  "f1_std": 0.004563745654049782,
  "auc_roc_mean": 0.5147116279069767,
  "auc_roc_std": 0.059359161646715224,
  "n_seeds": 100,
  "n_segments": 2175,
  "n_videos": 17,
  "n_positives": 25
}