{
  "precision@3_mean": 0.009523809523809523,
  "precision@3_std": 0.013041013273932527,
  "precision@5_mean": 0.008571428571428572,
  "precision@5_std": 0.0127775312999988,
  "precision@10_mean": 0.008571428571428574,
  "precision@10_std": 0.007824607964359517,
  "recall@3_mean": 0.02857142857142857,
  "recall@3_std": 0.03912303982179758,
  "recall@5_mean": 0.04285714285714286,
  "recall@5_std": 0.06388765649999399,
  "recall@10_mean": 0.05333333333333333,
  "recall@10_std": 0.06903940837881689,
  "ndcg@3_mean": 0.014285714285714285,
  "ndcg@3_std": 0.01956151991089879,
  "ndcg@5_mean": 0.020438236543905617,
  "ndcg@5_std": 0.030025324621076287,
  "ndcg@10_mean": 0.02579933412302614,
  "ndcg@10_std": 0.03201773348718184,
  "f1_mean": 0.01224423081014354,
  "f1_std": 0.011403809249157876,
  "auc_roc_mean": 0.6029562790697675,
  "auc_roc_std": 0.05231756440910048,
  "n_seeds": 5,
  "n_segments": 2175,
  "n_videos": 17,
  "n_positives": 25
}