{
  "precision@3": 0.0,
  "precision@5": 0.0,
  "precision@10": 0.03571428571428571,
  "recall@3": 0.0,
  "recall@5": 0.0,
  "recall@10": 0.32142857142857145,
  "ndcg@3": 0.0,
  "ndcg@5": 0.0,
  "ndcg@10": 0.1094117952984063,
  "f1": 0.028699551569506727,
  "auc_roc": 0.6080186046511628,
  "n_segments": 2175,
  "n_videos": 17,
  "n_positives": 25
}