{
  "precision@3_mean": 0.023809523809523808,
  "precision@3_std": 0.0,
  "precision@5_mean": 0.014285714285714287,
  "precision@5_std": 0.0,
  "precision@10_mean": 0.014285714285714287,
  "precision@10_std": 0.0,
  "recall@3_mean": 0.03571428571428571,
  "recall@3_std": 0.0,
  "recall@5_mean": 0.03571428571428571,
  "recall@5_std": 0.0,
  "recall@10_mean": 0.07142857142857142,
  "recall@10_std": 0.0,
  "ndcg@3_mean": 0.0218981140273378,
  "ndcg@3_std": 0.0,
  "ndcg@5_mean": 0.0218981140273378,
  "ndcg@5_std": 0.0,
  "ndcg@10_mean": 0.03749864522863524,
  "ndcg@10_std": 0.0,
  "f1_mean": 0.023837902264600714,
  "f1_std": 0.0,
  "auc_roc_mean": 0.5479255813953487,
  "auc_roc_std": 0.0,
  "n_seeds": 5,
  "n_segments": 2175,
  "n_videos": 17,
  "n_positives": 25
}